LP_PA_CBND_BUBUN	[{"name": "pnu", "single_search": true, "type": "", "desc": "시도(2) + 시군구(3) + 읍면동(3) + 리(2) + 필지구분(1) + 본번(4) + 부번(4) = 19자리"}, {"name": "jibun", "single_search": false, "type": "", "desc": "지번"}, {"name": "bonbun", "single_search": false, "type": "", "desc": "본번"}, {"name": "bubun", "single_search": false, "type": "", "desc": "부번"}, {"name": "ag_geom", "single_search": false, "type": "", "desc": "GEOMETRY 데이터"}, {"name": "addr", "single_search": false, "type": "", "desc": "주소"}, {"name": "gosi_year", "single_search": false, "type": "", "desc": "기준년"}, {"name": "gosi_month", "single_search": false, "type": "", "desc": "기준월"}, {"name": "jiga", "single_search": false, "type": "", "desc": "지가"}]
LT_C_UQ111	[{"name": "uname", "single_search": false, "type": "", "desc": "용도지역명"}, {"name": "sido_name", "single_search": false, "type": "", "desc": "시도명"}, {"name": "sigg_name", "single_search": false, "type": "", "desc": "시군구명"}, {"name": "dyear", "single_search": false, "type": "", "desc": "고시년도"}, {"name": "dnum", "single_search": false, "type": "", "desc": "고시번호"}, {"name": "ag_geom", "single_search": false, "type": "", "desc": "GEOMETRY 데이터"}]
LT_C_UQ112	[{"name": "uname", "single_search": false, "type": "", "desc": "용도지역명"}, {"name": "sido_name", "single_search": false, "type": "", "desc": "시도명"}, {"name": "sigg_name", "single_search": false, "type": "", "desc": "시군구명"}, {"name": "dyear", "single_search": false, "type": "", "desc": "고시년도"}, {"name": "dnum", "single_search": false, "type": "", "desc": "고시번호"}, {"name": "ag_geom", "single_search": false, "type": "", "desc": "GEOMETRY 데이터"}]
LT_C_UQ113	[{"name": "uname", "single_search": false, "type": "", "desc": "용도지역명"}, {"name": "sido_name", "single_search": false, "type": "", "desc": "시도명"}, {"name": "sigg_name", "single_search": false, "type": "", "desc": "시군구명"}, {"name": "dyear", "single_search": false, "type": "", "desc": "고시년도"}, {"name": "dnum", "single_search": false, "type": "", "desc": "고시번호"}, {"name": "ag_geom", "single_search": false, "type": "", "desc": "GEOMETRY 데이터"}]
LT_C_UQ114	[{"name": "uname", "single_search": false, "type": "", "desc": "용도지역명"}, {"name": "sido_name", "single_search": false, "type": "", "desc": "시도명"}, {"name": "sigg_name", "single_search": false, "type": "", "desc": "시군구명"}, {"name": "dyear", "single_search": false, "type": "", "desc": "고시년도"}, {"name": "dnum", "single_search": false, "type": "", "desc": "고시번호"}, {"name": "ag_geom", "single_search": false, "type": "", "desc": "GEOMETRY 데이터"}]
LT_C_UQ121	[{"name": "uname", "single_search": false, "type": "", "desc": "용도지역명"}, {"name": "sido_name", "single_search": false, "type": "", "desc": "시도명"}, {"name": "sigg_name", "single_search": false, "type": "", "desc": "시군구명"}, {"name": "dyear", "single_search": false, "type": "", "desc": "고시년도"}, {"name": "dnum", "single_search": false, "type": "", "desc": "고시번호"}, {"name": "ag_geom", "single_search": false, "type": "", "desc": "GEOMETRY 데이터"}]
LT_C_UQ123	[{"name": "uname", "single_search": false, "type": "", "desc": "용도지역명"}, {"name": "sido_name", "single_search": false, "type": "", "desc": "시도명"}, {"name": "sigg_name", "single_search": false, "type": "", "desc": "시군구명"}, {"name": "dyear", "single_search": false, "type": "", "desc": "고시년도"}, {"name": "dnum", "single_search": false, "type": "", "desc": "고시번호"}, {"name": "ag_geom", "single_search": false, "type": "", "desc": "GEOMETRY 데이터"}]
LT_C_UQ124	[{"name": "uname", "single_search": false, "type": "", "desc": "용도지역명"}, {"name": "sido_name", "single_search": false, "type": "", "desc": "시도명"}, {"name": "sigg_name", "single_search": false, "type": "", "desc": "시군구명"}, {"name": "dyear", "single_search": false, "type": "", "desc": "고시년도"}, {"name": "dnum", "single_search": false, "type": "", "desc": "고시번호"}, {"name": "ag_geom", "single_search": false, "type": "", "desc": "GEOMETRY 데이터"}]
LT_C_UQ125	[{"name": "uname", "single_search": false, "type": "", "desc": "용도지역명"}, {"name": "sido_name", "single_search": false, "type": "", "desc": "시도명"}, {"name": "sigg_name", "single_search": false, "type": "", "desc": "시군구명"}, {"name": "dyear", "single_search": false, "type": "", "desc": "고시년도"}, {"name": "dnum", "single_search": false, "type": "", "desc": "고시번호"}, {"name": "ag_geom", "single_search": false, "type": "", "desc": "GEOMETRY 데이터"}]
LT_C_UQ126	[{"name": "uname", "single_search": false, "type": "", "desc": "용도지역명"}, {"name": "sido_name", "single_search": false, "type": "", "desc": "시도명"}, {"name": "sigg_name", "single_search": false, "type": "", "desc": "시군구명"}, {"name": "dyear", "single_search": false, "type": "", "desc": "고시년도"}, {"name": "dnum", "single_search": false, "type": "", "desc": "고시번호"}, {"name": "ag_geom", "single_search": false, "type": "", "desc": "GEOMETRY 데이터"}]
LT_C_UQ128	[{"name": "uname", "single_search": false, "type": "", "desc": "용도지역명"}, {"name": "sido_name", "single_search": false, "type": "", "desc": "시도명"}, {"name": "sigg_name", "single_search": false, "type": "", "desc": "시군구명"}, {"name": "dyear", "single_search": false, "type": "", "desc": "고시년도"}, {"name": "dnum", "single_search": false, "type": "", "desc": "고시번호"}, {"name": "ag_geom", "single_search": false, "type": "", "desc": "GEOMETRY 데이터"}]
LT_C_UQ129	[{"name": "uname", "single_search": false, "type": "", "desc": "용도지역명"}, {"name": "sido_name", "single_search": false, "type": "", "desc": "시도명"}, {"name": "sigg_name", "single_search": false, "type": "", "desc": "시군구명"}, {"name": "dyear", "single_search": false, "type": "", "desc": "고시년도"}, {"name": "dnum", "single_search": false, "type": "", "desc": "고시번호"}, {"name": "ag_geom", "single_search": false, "type": "", "desc": "GEOMETRY 데이터"}]
LT_C_UQ130	[{"name": "uname", "single_search": false, "type": "", "desc": "용도지역명"}, {"name": "sido_name", "single_search": false, "type": "", "desc": "시도명"}, {"name": "sigg_name", "single_search": false, "type": "", "desc": "시군구명"}, {"name": "dyear", "single_search": false, "type": "", "desc": "고시년도"}, {"name": "dnum", "single_search": false, "type": "", "desc": "고시번호"}, {"name": "ag_geom", "single_search": false, "type": "", "desc": "GEOMETRY 데이터"}]
LT_C_UQ141	[{"name": "uname", "single_search": false, "type": "", "desc": "용도지역명"}, {"name": "sido_name", "single_search": false, "type": "", "desc": "시도명"}, {"name": "sigg_name", "single_search": false, "type": "", "desc": "시군구명"}, {"name": "dyear", "single_search": false, "type": "", "desc": "고시년도"}, {"name": "dnum", "single_search": false, "type": "", "desc": "고시번호"}, {"name": "ag_geom", "single_search": false, "type": "", "desc": "GEOMETRY 데이터"}]
LT_C_UQ162	[{"name": "uname", "single_search": false, "type": "", "desc": "용도지역명"}, {"name": "sido_name", "single_search": false, "type": "", "desc": "시도명"}, {"name": "sigg_name", "single_search": false, "type": "", "desc": "시군구명"}, {"name": "dyear", "single_search": false, "type": "", "desc": "고시년도"}, {"name": "dnum", "single_search": false, "type": "", "desc": "고시번호"}, {"name": "ag_geom", "single_search": false, "type": "", "desc": "GEOMETRY 데이터"}]
LT_C_UD801	[{"name": "uname", "single_search": false, "type": "", "desc": "용도지역명"}, {"name": "sido_name", "single_search": false, "type": "", "desc": "시도명"}, {"name": "sigg_name", "single_search": false, "type": "", "desc": "시군구명"}, {"name": "dyear", "single_search": false, "type": "", "desc": "고시년도"}, {"name": "dnum", "single_search": false, "type": "", "desc": "고시번호"}, {"name": "ag_geom", "single_search": false, "type": "", "desc": "GEOMETRY 데이터"}]
LT_C_LHZONE	[{"name": "zonename", "single_search": false, "type": "", "desc": "사업지구경계도"}, {"name": "ag_geom", "single_search": false, "type": "", "desc": "GEOMETRY 데이터"}]
LT_C_LHBLPN	[{"name": "blocktype", "single_search": false, "type": "", "desc": "계획구역명"}, {"name": "zonename", "single_search": false, "type": "", "desc": "사업지구경계도"}, {"name": "ag_geom", "single_search": false, "type": "", "desc": "GEOMETRY 데이터"}]
LT_P_UTISCCTV	[{"name": "locate", "single_search": false, "type": "", "desc": "소재지"}, {"name": "cctvname", "single_search": false, "type": "", "desc": "cctv명"}, {"name": "ag_geom", "single_search": false, "type": "", "desc": "GEOMETRY 데이터"}]
LT_C_USFSFFB	[{"name": "ward_id", "single_search": false, "type": "", "desc": "소방서코드"}, {"name": "ward_nm", "single_search": false, "type": "", "desc": "소방서명"}, {"name": "ag_geom", "single_search": false, "type": "", "desc": "GEOMETRY 데이터"}]
LT_L_SPRD	[{"name": "rn", "single_search": false, "type": "", "desc": "도로명"}, {"name": "ag_geom", "single_search": false, "type": "", "desc": "GEOMETRY 데이터"}]
LT_C_SPBD	[{"name": "bd_mgt_sn", "single_search": true, "type": "", "desc": "건물관리번호\r\n- 생성 당시 기준의 PNU + 연번으로 구성되었으며 이후 행정구역이 변동되어도 관리번호는 반영이 안됨\r\n- 변경되지 않는 고유값"}, {"name": "buld_nm", "single_search": false, "type": "", "desc": "건물명칭"}, {"name": "bul_eng_nm", "single_search": false, "type": "", "desc": "건물영문명칭"}, {"name": "gro_flo_co", "single_search": false, "type": "", "desc": "건물층수(지상)"}, {"name": "ag_geom", "single_search": false, "type": "", "desc": "GEOMETRY 데이터"}, {"name": "buld_nm_dc", "single_search": false, "type": "", "desc": "건물부명칭"}, {"name": "sido", "single_search": false, "type": "", "desc": "시도명"}, {"name": "sigungu", "single_search": false, "type": "", "desc": "시군구명"}, {"name": "rd_nm", "single_search": false, "type": "", "desc": "도로명"}, {"name": "buld_no", "single_search": false, "type": "", "desc": "건물번호"}, {"name": "gu", "single_search": false, "type": "", "desc": "읍면명칭"}]
LT_C_ADSIDO_INFO	[{"name": "ctprvn_cd", "single_search": true, "type": "", "desc": "행정구역코드"}, {"name": "ctp_kor_nm", "single_search": true, "type": "", "desc": "광역시도명"}, {"name": "ctp_eng_nm", "single_search": false, "type": "", "desc": "광역시도 영문명"}, {"name": "ag_geom", "single_search": false, "type": "", "desc": "GEOMETRY 데이터"}]
LT_C_ADSIGG_INFO	[{"name": "sig_cd", "single_search": true, "type": "", "desc": "행정구역코드"}, {"name": "full_nm", "single_search": true, "type": "", "desc": "행정구역명"}, {"name": "sig_kor_nm", "single_search": true, "type": "", "desc": "시군구명"}, {"name": "sig_eng_nm", "single_search": false, "type": "", "desc": "시군구 영문명"}, {"name": "ag_geom", "single_search": false, "type": "", "desc": "GEOMETRY 데이터"}]
LT_C_ADEMD_INFO	[{"name": "emd_cd", "single_search": true, "type": "", "desc": "행정구역코드"}, {"name": "full_nm", "single_search": true, "type": "", "desc": "행정구역명"}, {"name": "emd_kor_nm", "single_search": true, "type": "", "desc": "읍면동명"}, {"name": "emd_eng_nm", "single_search": false, "type": "", "desc": "읍면동 영문명"}, {"name": "ag_geom", "single_search": false, "type": "", "desc": "GEOMETRY 데이터"}]
LT_C_ADRI_INFO	[{"name": "li_cd", "single_search": true, "type": "", "desc": "행정구역코드"}, {"name": "full_nm", "single_search": true, "type": "", "desc": "행정구역명"}, {"name": "li_kor_nm", "single_search": true, "type": "", "desc": "리명"}, {"name": "li_eng_nm", "single_search": false, "type": "", "desc": "리 영문명"}, {"name": "ag_geom", "single_search": false, "type": "", "desc": "GEOMETRY 데이터"}]
LT_C_DAMDAN	[{"name": "cat_nam", "single_search": false, "type": "", "desc": "단지분류명"}, {"name": "dan_name", "single_search": false, "type": "", "desc": "단지명"}, {"name": "ag_geom", "single_search": false, "type": "", "desc": "GEOMETRY 데이터"}, {"name": "dan_id", "single_search": false, "type": "", "desc": "단지ID"}]
LT_C_DAMYOD	[{"name": "cat_nam", "single_search": false, "type": "", "desc": "용도분류명"}, {"name": "dan_name", "single_search": false, "type": "", "desc": "단지명"}, {"name": "ag_geom", "single_search": false, "type": "", "desc": "GEOMETRY 데이터"}]
LT_C_DAMYOJ	[{"name": "cat_nam", "single_search": false, "type": "", "desc": "용지분류명"}, {"name": "dan_name", "single_search": false, "type": "", "desc": "단지명"}, {"name": "ag_geom", "single_search": false, "type": "", "desc": "GEOMETRY 데이터"}]
LT_C_DAMYUCH	[{"name": "cat_nam", "single_search": false, "type": "", "desc": "업종분류명"}, {"name": "dan_name", "single_search": false, "type": "", "desc": "단지명"}, {"name": "upj_name", "single_search": false, "type": "", "desc": "유치업종명"}, {"name": "ag_geom", "single_search": false, "type": "", "desc": "GEOMETRY 데이터"}]
LT_P_MGPRTFA	[{"name": "cat_nam", "single_search": false, "type": "", "desc": "시설분류명"}, {"name": "fac_nam", "single_search": false, "type": "", "desc": "시설명"}, {"name": "fac_tel", "single_search": false, "type": "", "desc": "시설전화번호"}, {"name": "fac_o_add", "single_search": false, "type": "", "desc": "시설구주소"}, {"name": "fac_n_add", "single_search": false, "type": "", "desc": "시설새주소"}, {"name": "ag_geom", "single_search": false, "type": "", "desc": "GEOMETRY 데이터"}]
LT_P_MGPRTFB	[{"name": "cat_nam", "single_search": false, "type": "", "desc": "시설분류명"}, {"name": "fac_nam", "single_search": false, "type": "", "desc": "시설명"}, {"name": "fac_tel", "single_search": false, "type": "", "desc": "시설전화번호"}, {"name": "fac_o_add", "single_search": false, "type": "", "desc": "시설구주소"}, {"name": "fac_n_add", "single_search": false, "type": "", "desc": "시설새주소"}, {"name": "ag_geom", "single_search": false, "type": "", "desc": "GEOMETRY 데이터"}]
LT_P_MGPRTFC	[{"name": "cat_nam", "single_search": false, "type": "", "desc": "시설분류명"}, {"name": "fac_nam", "single_search": false, "type": "", "desc": "시설명"}, {"name": "fac_tel", "single_search": false, "type": "", "desc": "시설전화번호"}, {"name": "fac_o_add", "single_search": false, "type": "", "desc": "시설구주소"}, {"name": "fac_n_add", "single_search": false, "type": "", "desc": "시설새주소"}, {"name": "ag_geom", "single_search": false, "type": "", "desc": "GEOMETRY 데이터"}]
LT_P_MGPRTFD	[{"name": "cat_nam", "single_search": false, "type": "", "desc": "시설분류명"}, {"name": "fac_nam", "single_search": false, "type": "", "desc": "시설명"}, {"name": "fac_tel", "single_search": false, "type": "", "desc": "시설전화번호"}, {"name": "fac_o_add", "single_search": false, "type": "", "desc": "시설구주소"}, {"name": "fac_n_add", "single_search": false, "type": "", "desc": "시설새주소"}, {"name": "ag_geom", "single_search": false, "type": "", "desc": "GEOMETRY 데이터"}]
LT_C_WKMBBSN	[{"name": "bbsnnm", "single_search": true, "type": "", "desc": "권역명"}, {"name": "cat_nam", "single_search": false, "type": "", "desc": "권역분류"}, {"name": "bbsncd", "single_search": false, "type": "", "desc": "대권역코드"}, {"name": "ag_geom", "single_search": false, "type": "", "desc": "GEOMETRY 데이터"}]
LT_C_WKMMBSN	[{"name": "mbsnnm", "single_search": true, "type": "", "desc": "권역명"}, {"name": "cat_nam", "single_search": false, "type": "", "desc": "권역분류"}, {"name": "mbsncd", "single_search": false, "type": "", "desc": "중권역코드"}, {"name": "ag_geom", "single_search": false, "type": "", "desc": "GEOMETRY 데이터"}]
LT_C_WKMSBSN	[{"name": "sbsnnm", "single_search": true, "type": "", "desc": "권역명"}, {"name": "cat_nam", "single_search": false, "type": "", "desc": "권역분류"}, {"name": "sbsncd", "single_search": false, "type": "", "desc": "표준권역코드"}, {"name": "ag_geom", "single_search": false, "type": "", "desc": "GEOMETRY 데이터"}]
LT_C_WKMSTRM	[{"name": "riv_nm", "single_search": true, "type": "", "desc": "하천명"}, {"name": "cat_nam", "single_search": false, "type": "", "desc": "하천분류"}, {"name": "ag_geom", "single_search": false, "type": "", "desc": "GEOMETRY 데이터"}]
LT_L_MOCTLINK	[{"name": "link_id", "single_search": true, "type": "", "desc": "링크ID"}, {"name": "road_name", "single_search": false, "type": "", "desc": "도로명"}, {"name": "max_spd", "single_search": false, "type": "", "desc": "최고제한속도"}, {"name": "rd_rank_h", "single_search": false, "type": "", "desc": "도로등급"}, {"name": "rd_type_h", "single_search": false, "type": "", "desc": "도로유형"}, {"name": "rest_veh_h", "single_search": false, "type": "", "desc": "통행제한차량"}, {"name": "rest_w", "single_search": false, "type": "", "desc": "통과제한하중"}, {"name": "rest_h", "single_search": false, "type": "", "desc": "통과제한높이"}, {"name": "remark", "single_search": false, "type": "", "desc": "비고"}, {"name": "ag_geom", "single_search": false, "type": "", "desc": "GEOMETRY 데이터"}]
LT_P_MOCTNODE	[{"name": "node_id", "single_search": false, "type": "", "desc": "노드ID"}, {"name": "node_name", "single_search": false, "type": "", "desc": "노드명"}, {"name": "nd_type_h", "single_search": false, "type": "", "desc": "노드유형"}, {"name": "turn_type", "single_search": false, "type": "", "desc": "회전제한유형"}, {"name": "remark", "single_search": false, "type": "", "desc": "비고"}, {"name": "ag_geom", "single_search": false, "type": "", "desc": "GEOMETRY 데이터"}]
LT_L_FRSTCLIMB	[{"name": "sec_len", "single_search": false, "type": "", "desc": "구간거리(m)"}, {"name": "up_min", "single_search": false, "type": "", "desc": "상행속도(분)"}, {"name": "down_min", "single_search": false, "type": "", "desc": "하행속도(분)"}, {"name": "cat_nam", "single_search": false, "type": "", "desc": "난이도(상, 중, 하)"}, {"name": "ag_geom", "single_search": false, "type": "", "desc": "GEOMETRY 데이터"}, {"name": "mntn_nm", "single_search": false, "type": "", "desc": "산명칭"}]
LT_C_AGRIXUE101	[{"name": "mnum", "single_search": false, "type": "", "desc": "관리번호"}, {"name": "remark", "single_search": false, "type": "", "desc": "메모"}, {"name": "alias", "single_search": false, "type": "", "desc": "별칭"}, {"name": "std_sggcd", "single_search": false, "type": "", "desc": "시군구코드"}, {"name": "admin_cd", "single_search": false, "type": "", "desc": "관리기관코드"}, {"name": "sido_cd", "single_search": false, "type": "", "desc": "시도코드"}, {"name": "sigungu_cd", "single_search": false, "type": "", "desc": "시군구코드"}, {"name": "dyear", "single_search": false, "type": "", "desc": "고시년도"}, {"name": "dnum", "single_search": false, "type": "", "desc": "고시번호"}, {"name": "ucode", "single_search": false, "type": "", "desc": "용도코드"}, {"name": "bon_bun", "single_search": false, "type": "", "desc": "본번"}, {"name": "bu_bun", "single_search": false, "type": "", "desc": "부번"}, {"name": "sido_name", "single_search": false, "type": "", "desc": "시도명"}, {"name": "sigg_name", "single_search": false, "type": "", "desc": "시군구명"}, {"name": "uname", "single_search": false, "type": "", "desc": "용도지역명"}, {"name": "ag_geom", "single_search": false, "type": "", "desc": "GEOMETRY 데이터"}]
LT_C_AGRIXUE102	[{"name": "mnum", "single_search": false, "type": "", "desc": "관리번호"}, {"name": "remark", "single_search": false, "type": "", "desc": "메모"}, {"name": "alias", "single_search": false, "type": "", "desc": "별칭"}, {"name": "admin_cd", "single_search": false, "type": "", "desc": "관리기관코드"}, {"name": "sido_cd", "single_search": false, "type": "", "desc": "시도코드"}, {"name": "sigungu_cd", "single_search": false, "type": "", "desc": "시군구코드"}, {"name": "dyear", "single_search": false, "type": "", "desc": "고시년도"}, {"name": "dnum", "single_search": false, "type": "", "desc": "고시번호"}, {"name": "ucode", "single_search": false, "type": "", "desc": "용도코드"}, {"name": "bon_bun", "single_search": false, "type": "", "desc": "본번"}, {"name": "bu_bun", "single_search": false, "type": "", "desc": "부번"}, {"name": "sido_name", "single_search": false, "type": "", "desc": "시도명"}, {"name": "sigg_name", "single_search": false, "type": "", "desc": "시군구명"}, {"name": "uname", "single_search": false, "type": "", "desc": "용도지역명"}, {"name": "ag_geom", "single_search": false, "type": "", "desc": "GEOMETRY 데이터"}]
LT_C_ASITSOILDRA	[{"name": "code_dc", "single_search": false, "type": "", "desc": "배수등급코드"}, {"name": "label", "single_search": false, "type": "", "desc": "배수등급"}, {"name": "ag_geom", "single_search": false, "type": "", "desc": "GEOMETRY 데이터"}]
LT_C_ASITSURSTON	[{"name": "code_sg", "single_search": false, "type": "", "desc": "자갈함량코드"}, {"name": "label", "single_search": false, "type": "", "desc": "자갈함량"}, {"name": "ag_geom", "single_search": false, "type": "", "desc": "GEOMETRY 데이터"}]
LT_C_ASITSOILDEP	[{"name": "code_ad", "single_search": false, "type": "", "desc": "유효토심코드"}, {"name": "label", "single_search": false, "type": "", "desc": "유효토심"}, {"name": "ag_geom", "single_search": false, "type": "", "desc": "GEOMETRY 데이터"}]
LT_C_ASITDEEPSOIL	[{"name": "code_st", "single_search": false, "type": "", "desc": "심토토성코드"}, {"name": "label", "single_search": false, "type": "", "desc": "심토토성"}, {"name": "ag_geom", "single_search": false, "type": "", "desc": "GEOMETRY 데이터"}]
LT_P_SGISGWCHG	[{"name": "code", "single_search": false, "type": "", "desc": "관리코드"}, {"name": "addr", "single_search": false, "type": "", "desc": "주소"}, {"name": "cyongdo", "single_search": false, "type": "", "desc": "용도코드"}, {"name": "cdrink", "single_search": false, "type": "", "desc": "음용여부코드"}, {"name": "ag_geom", "single_search": false, "type": "", "desc": "GEOMETRY 데이터"}]
LT_P_SGISGOLF	[{"name": "golf_name", "single_search": false, "type": "", "desc": "골프장명"}, {"name": "ag_geom", "single_search": false, "type": "", "desc": "GEOMETRY 데이터"}]
LT_P_WEISPLAFACW	[]
LT_P_WEISSITEMA	[{"name": "area", "single_search": false, "type": "", "desc": "권역"}, {"name": "area_cd", "single_search": false, "type": "", "desc": "권역코드"}, {"name": "water", "single_search": false, "type": "", "desc": "수계"}, {"name": "am_nm", "single_search": false, "type": "", "desc": "중권역명"}, {"name": "am_cd", "single_search": false, "type": "", "desc": "중권역코드"}, {"name": "st_nm", "single_search": false, "type": "", "desc": "측정소명"}, {"name": "st_cd", "single_search": false, "type": "", "desc": "측정소코드"}, {"name": "water_type", "single_search": false, "type": "", "desc": "본류구분"}, {"name": "env_std", "single_search": false, "type": "", "desc": "환경기준"}, {"name": "st_id", "single_search": false, "type": "", "desc": "채수지검"}, {"name": "note", "single_search": false, "type": "", "desc": "비고"}, {"name": "flow_pt", "single_search": false, "type": "", "desc": "유량조사지"}, {"name": "chk_mngt", "single_search": false, "type": "", "desc": "조사기관"}, {"name": "int_year", "single_search": false, "type": "", "desc": "설치년도"}, {"name": "clo_year", "single_search": false, "type": "", "desc": "폐쇄년도"}, {"name": "m_area_re", "single_search": false, "type": "", "desc": "중권역대표"}, {"name": "water_re", "single_search": false, "type": "", "desc": "수계대표"}, {"name": "major_pt", "single_search": false, "type": "", "desc": "주요지점부"}, {"name": "bjd_cd", "single_search": false, "type": "", "desc": "법정동코드"}, {"name": "ag_geom", "single_search": false, "type": "", "desc": "GEOMETRY 데이터"}]
LT_P_WEISSITEMB	[{"name": "area", "single_search": false, "type": "", "desc": "권역"}, {"name": "area_cd", "single_search": false, "type": "", "desc": "권역코드"}, {"name": "water", "single_search": false, "type": "", "desc": "수계"}, {"name": "am_nm", "single_search": false, "type": "", "desc": "중권역명"}, {"name": "am_cd", "single_search": false, "type": "", "desc": "중권역코드"}, {"name": "st_nm", "single_search": false, "type": "", "desc": "측정소명"}, {"name": "st_cd", "single_search": false, "type": "", "desc": "측정소코드"}, {"name": "env_std", "single_search": false, "type": "", "desc": "환경기준"}, {"name": "st_id", "single_search": false, "type": "", "desc": "채수지검"}, {"name": "use", "single_search": false, "type": "", "desc": "용도"}, {"name": "flow_pt", "single_search": false, "type": "", "desc": "유량조사지"}, {"name": "chk_mngt", "single_search": false, "type": "", "desc": "조사기관"}, {"name": "int_year", "single_search": false, "type": "", "desc": "설치년도"}, {"name": "clo_year", "single_search": false, "type": "", "desc": "폐쇄년도"}, {"name": "m_area_re", "single_search": false, "type": "", "desc": "중권역대표"}, {"name": "bjd_cd", "single_search": false, "type": "", "desc": "법정동코드"}, {"name": "ag_geom", "single_search": false, "type": "", "desc": "GEOMETRY 데이터"}]
LT_P_WEISSITEMD	[{"name": "area", "single_search": false, "type": "", "desc": "권역"}, {"name": "area_cd", "single_search": false, "type": "", "desc": "권역코드"}, {"name": "water", "single_search": false, "type": "", "desc": "수계"}, {"name": "am_nm", "single_search": false, "type": "", "desc": "중권역명"}, {"name": "am_cd", "single_search": false, "type": "", "desc": "중권역코드"}, {"name": "st_nm", "single_search": false, "type": "", "desc": "측정소명"}, {"name": "st_cd", "single_search": false, "type": "", "desc": "측정소코드"}, {"name": "st_id", "single_search": false, "type": "", "desc": "채수지검"}, {"name": "chk_mngt", "single_search": false, "type": "", "desc": "조사기관"}, {"name": "int_year", "single_search": false, "type": "", "desc": "설치년도"}, {"name": "clo_year", "single_search": false, "type": "", "desc": "폐쇄년도"}, {"name": "bjd_cd", "single_search": false, "type": "", "desc": "법정동코드"}, {"name": "ag_geom", "single_search": false, "type": "", "desc": "GEOMETRY 데이터"}]
LT_P_WEISSITEME	[{"name": "st_cd", "single_search": false, "type": "", "desc": "측정소코드"}, {"name": "st_nm", "single_search": false, "type": "", "desc": "측정소명"}, {"name": "am_nm", "single_search": false, "type": "", "desc": "중권역명"}, {"name": "st_id", "single_search": false, "type": "", "desc": "채수지검"}, {"name": "chk_mngt", "single_search": false, "type": "", "desc": "조사기관"}, {"name": "int_year", "single_search": false, "type": "", "desc": "설치년도"}, {"name": "clo_year", "single_search": false, "type": "", "desc": "폐쇄년도"}, {"name": "bjd_cd", "single_search": false, "type": "", "desc": "법정동코드"}, {"name": "ag_geom", "single_search": false, "type": "", "desc": "GEOMETRY 데이터"}]
LT_P_WEISSITEMF	[{"name": "area", "single_search": false, "type": "", "desc": "권역"}, {"name": "area_cd", "single_search": false, "type": "", "desc": "권역코드"}, {"name": "water", "single_search": false, "type": "", "desc": "수계"}, {"name": "am_nm", "single_search": false, "type": "", "desc": "중권역명"}, {"name": "am_cd", "single_search": false, "type": "", "desc": "중권역코드"}, {"name": "st_nm", "single_search": false, "type": "", "desc": "측정소명"}, {"name": "st_cd", "single_search": false, "type": "", "desc": "측정소코드"}, {"name": "st_id", "single_search": false, "type": "", "desc": "채수지검"}, {"name": "int_year", "single_search": false, "type": "", "desc": "설치년도"}, {"name": "clo_year", "single_search": false, "type": "", "desc": "폐쇄년도"}, {"name": "ag_geom", "single_search": false, "type": "", "desc": "GEOMETRY 데이터"}]
LT_L_AISPATH	[{"name": "ident_txt", "single_search": false, "type": "", "desc": "항로번호"}, {"name": "length_val", "single_search": false, "type": "", "desc": "구간길이"}, {"name": "ag_geom", "single_search": false, "type": "", "desc": "GEOMETRY 데이터"}]
LT_L_AISROUTEU	[{"name": "name", "single_search": false, "type": "", "desc": "명칭"}, {"name": "ats_lbl", "single_search": false, "type": "", "desc": "제한고도전체라벨"}, {"name": "ats_lbl_1", "single_search": false, "type": "", "desc": "제한고도라벨1"}, {"name": "ats_lbl_2", "single_search": false, "type": "", "desc": "제한고도라벨2"}, {"name": "ag_geom", "single_search": false, "type": "", "desc": "GEOMETRY 데이터"}]
LT_C_AISADZC	[{"name": "adz_lbl_1", "single_search": false, "type": "", "desc": "방공식별구역라벨1"}, {"name": "ag_geom", "single_search": false, "type": "", "desc": "GEOMETRY 데이터"}]
LT_C_AISFIRC	[{"name": "fir_lbl_1", "single_search": false, "type": "", "desc": "비행정보구역라벨1"}, {"name": "ag_geom", "single_search": false, "type": "", "desc": "GEOMETRY 데이터"}]
LT_C_AISRESC	[{"name": "restricted", "single_search": false, "type": "", "desc": "비행제한구역전체라벨"}, {"name": "res_lbl_1", "single_search": false, "type": "", "desc": "비행제한구역라벨1"}, {"name": "res_lbl_2", "single_search": false, "type": "", "desc": "비행제한구역라벨2"}, {"name": "res_lbl_3", "single_search": false, "type": "", "desc": "비행제한구역라벨3"}, {"name": "ag_geom", "single_search": false, "type": "", "desc": "지오메트리"}]
LT_C_AISPRHC	[{"name": "prohibited", "single_search": false, "type": "", "desc": "비행금지구역전체라벨"}, {"name": "prh_lbl_1", "single_search": false, "type": "", "desc": "비행금지구역라벨1"}, {"name": "prh_lbl_2", "single_search": false, "type": "", "desc": "비행금지구역라벨2"}, {"name": "prh_lbl_3", "single_search": false, "type": "", "desc": "비행금지구역라벨3"}, {"name": "prh_typ", "single_search": false, "type": "", "desc": "비행금지구역타입"}, {"name": "prh_lbl_4", "single_search": false, "type": "", "desc": "비행제한구역라벨4"}, {"name": "ag_geom", "single_search": false, "type": "", "desc": "지오메트리"}]
LT_C_AISCTRC	[{"name": "ctr_lbl_1", "single_search": false, "type": "", "desc": "관제권라벨2"}, {"name": "ag_geom", "single_search": false, "type": "", "desc": "GEOMETRY 데이터"}]
LT_C_AISTMAC	[{"name": "tma_lbl_1", "single_search": false, "type": "", "desc": "접근관제구역라벨1"}, {"name": "tma_lbl_2", "single_search": false, "type": "", "desc": "접근관제구역라벨2"}, {"name": "tma_lbl_3", "single_search": false, "type": "", "desc": "접근관제구역라벨3"}, {"name": "tma_lbl_4", "single_search": false, "type": "", "desc": "접근관제구역라벨4"}, {"name": "ag_geom", "single_search": false, "type": "", "desc": "GEOMETRY 데이터"}]
LT_C_AISDNGC	[{"name": "dng_lbl_1", "single_search": false, "type": "", "desc": "위험구역라벨1"}, {"name": "dng_lbl_2", "single_search": false, "type": "", "desc": "위험구역라벨2"}, {"name": "dng_lbl_3", "single_search": false, "type": "", "desc": "위험구역라벨3"}, {"name": "ag_geom", "single_search": false, "type": "", "desc": "GEOMETRY 데이터"}]
LT_C_AISALTC	[{"name": "alt_lbl_1", "single_search": false, "type": "", "desc": "경계구역라벨1"}, {"name": "alt_lbl_2", "single_search": false, "type": "", "desc": "경계구역라벨2"}, {"name": "alt_lbl_3", "single_search": false, "type": "", "desc": "경계구역라벨3"}, {"name": "ag_geom", "single_search": false, "type": "", "desc": "GEOMETRY 데이터"}]
LT_C_AISCATC	[{"name": "cat_lbl_1", "single_search": false, "type": "", "desc": "훈련구역라벨1"}, {"name": "cat_lbl_2", "single_search": false, "type": "", "desc": "훈련구역라벨2"}, {"name": "cat_lbl_3", "single_search": false, "type": "", "desc": "훈련구역라벨3"}, {"name": "ag_geom", "single_search": false, "type": "", "desc": "GEOMETRY 데이터"}]
LT_C_AISMOAC	[{"name": "moa_lbl_1", "single_search": false, "type": "", "desc": "군작전구역라벨1"}, {"name": "moa_lbl_2", "single_search": false, "type": "", "desc": "군작전구역라벨2"}, {"name": "moa_lbl_3", "single_search": false, "type": "", "desc": "군작전구역라벨3"}, {"name": "ag_geom", "single_search": false, "type": "", "desc": "GEOMETRY 데이터"}]
LT_C_AISACMC	[{"name": "acm_lbl_1", "single_search": false, "type": "", "desc": "공중전투기동훈련장라벨1"}, {"name": "acm_lbl_2", "single_search": false, "type": "", "desc": "공중전투기동훈련장라벨2"}, {"name": "acm_lbl_3", "single_search": false, "type": "", "desc": "공중전투기동훈련장라벨3"}, {"name": "ag_geom", "single_search": false, "type": "", "desc": "GEOMETRY 데이터"}]
LT_C_AISRFLC	[{"name": "rfl_lbl_1", "single_search": false, "type": "", "desc": "공중급유구역라벨1"}, {"name": "rfl_lbl_2", "single_search": false, "type": "", "desc": "공중급유구역라벨2"}, {"name": "rfl_lbl_3", "single_search": false, "type": "", "desc": "공중급유구역라벨3"}, {"name": "ag_geom", "single_search": false, "type": "", "desc": "GEOMETRY 데이터"}]
LT_P_AISHCSTRIP	[{"name": "x", "single_search": false, "type": "", "desc": "X좌표"}, {"name": "y", "single_search": false, "type": "", "desc": "Y좌표"}, {"name": "long", "single_search": false, "type": "", "desc": "경도"}, {"name": "lat", "single_search": false, "type": "", "desc": "위도"}, {"name": "org_nam", "single_search": false, "type": "", "desc": "제공처"}, {"name": "str_use", "single_search": false, "type": "", "desc": "사용여부"}, {"name": "str_nam", "single_search": false, "type": "", "desc": "명칭"}, {"name": "str_adr", "single_search": false, "type": "", "desc": "주소"}, {"name": "stt_cde", "single_search": false, "type": "", "desc": "구분"}, {"name": "alt_val", "single_search": false, "type": "", "desc": "표고"}, {"name": "int_len", "single_search": false, "type": "", "desc": "진입구역길이"}, {"name": "int_grd", "single_search": false, "type": "", "desc": "진입표면경사"}, {"name": "sht_grd", "single_search": false, "type": "", "desc": "전이표면경사"}, {"name": "lnd_siz", "single_search": false, "type": "", "desc": "착륙대"}, {"name": "pad_siz", "single_search": false, "type": "", "desc": "패드"}, {"name": "hor_rad", "single_search": false, "type": "", "desc": "수평표면반경"}, {"name": "com_dat", "single_search": false, "type": "", "desc": "설치허가일"}, {"name": "use_dat", "single_search": false, "type": "", "desc": "사용개시일"}, {"name": "use_typ", "single_search": false, "type": "", "desc": "운용방법"}, {"name": "ag_geom", "single_search": false, "type": "", "desc": "GEOMETRY 데이터"}]
LT_C_WGISREPLAN	[{"name": "rec_ba_seq", "single_search": false, "type": "", "desc": "일련번호"}, {"name": "name", "single_search": false, "type": "", "desc": "명칭"}, {"name": "ag_geom", "single_search": false, "type": "", "desc": "GEOMETRY 데이터"}]
LT_C_WGISRECOMP	[{"name": "name", "single_search": false, "type": "", "desc": "명칭"}, {"name": "rec_co_seq", "single_search": false, "type": "", "desc": "일련번호"}, {"name": "ag_geom", "single_search": false, "type": "", "desc": "GEOMETRY 데이터"}]
LT_C_WGISIEGUG	[{"name": "e_name", "single_search": false, "type": "", "desc": "단지번호"}, {"name": "e_code", "single_search": false, "type": "", "desc": "명칭"}, {"name": "ag_geom", "single_search": false, "type": "", "desc": "GEOMETRY 데이터"}]
LT_C_WGISIENONG	[{"name": "e_name", "single_search": false, "type": "", "desc": "단지번호"}, {"name": "e_code", "single_search": false, "type": "", "desc": "명칭"}, {"name": "ag_geom", "single_search": false, "type": "", "desc": "GEOMETRY 데이터"}]
LT_C_WGISIEILBAN	[{"name": "e_name", "single_search": false, "type": "", "desc": "단지번호"}, {"name": "e_code", "single_search": false, "type": "", "desc": "명칭"}, {"name": "ag_geom", "single_search": false, "type": "", "desc": "GEOMETRY 데이터"}]
LT_C_WGISIEDOSI	[{"name": "e_name", "single_search": false, "type": "", "desc": "명칭"}, {"name": "e_code", "single_search": false, "type": "", "desc": "단지번호"}, {"name": "ag_geom", "single_search": false, "type": "", "desc": "GEOMETRY 데이터"}]
LT_C_WGISARWET	[{"name": "name", "single_search": false, "type": "", "desc": "명칭"}, {"name": "bcode", "single_search": false, "type": "", "desc": "보호구역코드"}, {"name": "ag_geom", "single_search": false, "type": "", "desc": "GEOMETRY 데이터"}]
LT_C_WGISNPGUG	[{"name": "park_name", "single_search": false, "type": "", "desc": "공원명칭"}, {"name": "ag_geom", "single_search": false, "type": "", "desc": "GEOMETRY 데이터"}]
LT_C_WGISNPGUN	[{"name": "park_name", "single_search": false, "type": "", "desc": "공원명칭"}, {"name": "ag_geom", "single_search": false, "type": "", "desc": "GEOMETRY 데이터"}]
LT_C_WGISNPDO	[{"name": "park_name", "single_search": false, "type": "", "desc": "공원명칭"}, {"name": "ag_geom", "single_search": false, "type": "", "desc": "GEOMETRY 데이터"}]
LT_C_TFISMPA	[{"name": "mpa_nam", "single_search": false, "type": "", "desc": "보호구역명칭"}, {"name": "gos_num", "single_search": false, "type": "", "desc": "고시번호"}, {"name": "gos_dat", "single_search": false, "type": "", "desc": "고시일자"}, {"name": "law", "single_search": false, "type": "", "desc": "적용법률"}, {"name": "mng_org", "single_search": false, "type": "", "desc": "관리기관1"}, {"name": "loc", "single_search": false, "type": "", "desc": "주소"}, {"name": "ara_siz", "single_search": false, "type": "", "desc": "규모"}, {"name": "mng_ogr", "single_search": false, "type": "", "desc": "관리기관"}, {"name": "ag_geom", "single_search": false, "type": "", "desc": "GEOMETRY 데이터"}]
LT_C_UPISUQ151	[{"name": "present_sn", "single_search": false, "type": "", "desc": "PRESENT_SN"}, {"name": "lclas_cl", "single_search": false, "type": "", "desc": "도형 대분류코드"}, {"name": "mlsfc_cl", "single_search": false, "type": "", "desc": "도형 중분류코드"}, {"name": "sclas_cl", "single_search": false, "type": "", "desc": "도형 소분류코드"}, {"name": "atrb_se", "single_search": false, "type": "", "desc": "도형 속성코드"}, {"name": "wtnnc_sn", "single_search": false, "type": "", "desc": "조서관리 코드"}, {"name": "ntfc_sn", "single_search": false, "type": "", "desc": "결정고시관리코드"}, {"name": "dgm_nm", "single_search": false, "type": "", "desc": "라벨명"}, {"name": "dgm_ar", "single_search": false, "type": "", "desc": "면적(도형)"}, {"name": "dgm_lt", "single_search": false, "type": "", "desc": "길이(도형)"}, {"name": "signgu_se", "single_search": false, "type": "", "desc": "지자체관리코드"}, {"name": "grad_se", "single_search": false, "type": "", "desc": "규모_등급"}, {"name": "road_ty", "single_search": false, "type": "", "desc": "규모_류별"}, {"name": "road_no", "single_search": false, "type": "", "desc": "규모_번호"}, {"name": "road_role", "single_search": false, "type": "", "desc": "도로기능"}, {"name": "excut_se", "single_search": false, "type": "", "desc": "집행상태코드"}, {"name": "sig_nam", "single_search": false, "type": "", "desc": "시군구명"}, {"name": "lcl_nam", "single_search": false, "type": "", "desc": "도형대분류명"}, {"name": "mls_nam", "single_search": false, "type": "", "desc": "도형중분류명"}, {"name": "scl_nam", "single_search": false, "type": "", "desc": "도형소분류명"}, {"name": "atr_nam", "single_search": false, "type": "", "desc": "도형속성명"}, {"name": "pmi_nam", "single_search": false, "type": "", "desc": "도로기능명"}, {"name": "exc_nam", "single_search": false, "type": "", "desc": "집행상태명"}, {"name": "ag_geom", "single_search": false, "type": "", "desc": "GEOMETRY 데이터"}]
LT_C_UPISUQ152	[{"name": "present_sn", "single_search": false, "type": "", "desc": "PRESENT_SN"}, {"name": "lclas_cl", "single_search": false, "type": "", "desc": "도형 대분류코드"}, {"name": "mlsfc_cl", "single_search": false, "type": "", "desc": "도형 중분류코드"}, {"name": "sclas_cl", "single_search": false, "type": "", "desc": "도형 소분류코드"}, {"name": "atrb_se", "single_search": false, "type": "", "desc": "도형 속성코드"}, {"name": "wtnnc_sn", "single_search": false, "type": "", "desc": "조서관리 코드"}, {"name": "ntfc_sn", "single_search": false, "type": "", "desc": "결정고시관리코드"}, {"name": "dgm_nm", "single_search": false, "type": "", "desc": "라벨명"}, {"name": "dgm_ar", "single_search": false, "type": "", "desc": "면적(도형)"}, {"name": "dgm_lt", "single_search": false, "type": "", "desc": "길이(도형)"}, {"name": "signgu_se", "single_search": false, "type": "", "desc": "지자체관리코드"}, {"name": "excut_se", "single_search": false, "type": "", "desc": "집행상태코드"}, {"name": "sig_nam", "single_search": false, "type": "", "desc": "시군구명"}, {"name": "lcl_nam", "single_search": false, "type": "", "desc": "도형대분류명"}, {"name": "mls_nam", "single_search": false, "type": "", "desc": "도형중분류명"}, {"name": "scl_nam", "single_search": false, "type": "", "desc": "도형소분류명"}, {"name": "atr_nam", "single_search": false, "type": "", "desc": "도형속성명"}, {"name": "pmi_nam", "single_search": false, "type": "", "desc": "도로기능명"}, {"name": "exc_nam", "single_search": false, "type": "", "desc": "집행상태명"}, {"name": "ag_geom", "single_search": false, "type": "", "desc": "GEOMETRY 데이터"}]
LT_C_UPISUQ153	[{"name": "present_sn", "single_search": false, "type": "", "desc": "PRESENT_SN"}, {"name": "lclas_cl", "single_search": false, "type": "", "desc": "도형 대분류코드"}, {"name": "mlsfc_cl", "single_search": false, "type": "", "desc": "도형 중분류코드"}, {"name": "sclas_cl", "single_search": false, "type": "", "desc": "도형 소분류코드"}, {"name": "atrb_se", "single_search": false, "type": "", "desc": "도형 속성코드"}, {"name": "wtnnc_sn", "single_search": false, "type": "", "desc": "조서관리 코드"}, {"name": "ntfc_sn", "single_search": false, "type": "", "desc": "결정고시관리코드"}, {"name": "dgm_nm", "single_search": false, "type": "", "desc": "라벨명"}, {"name": "dgm_ar", "single_search": false, "type": "", "desc": "면적(도형)"}, {"name": "dgm_lt", "single_search": false, "type": "", "desc": "길이(도형)"}, {"name": "signgu_se", "single_search": false, "type": "", "desc": "지자체관리코드"}, {"name": "excut_se", "single_search": false, "type": "", "desc": "집행상태코드"}, {"name": "sig_nam", "single_search": false, "type": "", "desc": "시군구명"}, {"name": "lcl_nam", "single_search": false, "type": "", "desc": "도형대분류명"}, {"name": "mls_nam", "single_search": false, "type": "", "desc": "도형중분류명"}, {"name": "scl_nam", "single_search": false, "type": "", "desc": "도형소분류명"}, {"name": "atr_nam", "single_search": false, "type": "", "desc": "도형속성명"}, {"name": "pmi_nam", "single_search": false, "type": "", "desc": "도로기능명"}, {"name": "exc_nam", "single_search": false, "type": "", "desc": "집행상태명"}, {"name": "ag_geom", "single_search": false, "type": "", "desc": "GEOMETRY 데이터"}]
LT_C_UPISUQ154	[{"name": "present_sn", "single_search": false, "type": "", "desc": "PRESENT_SN"}, {"name": "lclas_cl", "single_search": false, "type": "", "desc": "도형 대분류코드"}, {"name": "mlsfc_cl", "single_search": false, "type": "", "desc": "도형 중분류코드"}, {"name": "sclas_cl", "single_search": false, "type": "", "desc": "도형 소분류코드"}, {"name": "atrb_se", "single_search": false, "type": "", "desc": "도형 속성코드"}, {"name": "wtnnc_sn", "single_search": false, "type": "", "desc": "조서관리 코드"}, {"name": "ntfc_sn", "single_search": false, "type": "", "desc": "결정고시관리코드"}, {"name": "dgm_nm", "single_search": false, "type": "", "desc": "라벨명"}, {"name": "dgm_ar", "single_search": false, "type": "", "desc": "면적(도형)"}, {"name": "dgm_lt", "single_search": false, "type": "", "desc": "길이(도형)"}, {"name": "signgu_se", "single_search": false, "type": "", "desc": "지자체관리코드"}, {"name": "excut_se", "single_search": false, "type": "", "desc": "집행상태코드"}, {"name": "sig_nam", "single_search": false, "type": "", "desc": "시군구명"}, {"name": "lcl_nam", "single_search": false, "type": "", "desc": "도형대분류명"}, {"name": "mls_nam", "single_search": false, "type": "", "desc": "도형중분류명"}, {"name": "scl_nam", "single_search": false, "type": "", "desc": "도형소분류명"}, {"name": "atr_nam", "single_search": false, "type": "", "desc": "도형속성명"}, {"name": "pmi_nam", "single_search": false, "type": "", "desc": "도로기능명"}, {"name": "exc_nam", "single_search": false, "type": "", "desc": "집행상태명"}, {"name": "ag_geom", "single_search": false, "type": "", "desc": "GEOMETRY 데이터"}]
LT_C_UPISUQ155	[{"name": "present_sn", "single_search": false, "type": "", "desc": "PRESENT_SN"}, {"name": "lclas_cl", "single_search": false, "type": "", "desc": "도형 대분류코드"}, {"name": "mlsfc_cl", "single_search": false, "type": "", "desc": "도형 중분류코드"}, {"name": "sclas_cl", "single_search": false, "type": "", "desc": "도형 소분류코드"}, {"name": "atrb_se", "single_search": false, "type": "", "desc": "도형 속성코드"}, {"name": "wtnnc_sn", "single_search": false, "type": "", "desc": "조서관리 코드"}, {"name": "ntfc_sn", "single_search": false, "type": "", "desc": "결정고시관리코드"}, {"name": "dgm_nm", "single_search": false, "type": "", "desc": "라벨명"}, {"name": "dgm_ar", "single_search": false, "type": "", "desc": "면적(도형)"}, {"name": "dgm_lt", "single_search": false, "type": "", "desc": "길이(도형)"}, {"name": "signgu_se", "single_search": false, "type": "", "desc": "지자체관리코드"}, {"name": "excut_se", "single_search": false, "type": "", "desc": "집행상태코드"}, {"name": "sig_nam", "single_search": false, "type": "", "desc": "시군구명"}, {"name": "lcl_nam", "single_search": false, "type": "", "desc": "도형대분류명"}, {"name": "mls_nam", "single_search": false, "type": "", "desc": "도형중분류명"}, {"name": "scl_nam", "single_search": false, "type": "", "desc": "도형소분류명"}, {"name": "atr_nam", "single_search": false, "type": "", "desc": "도형속성명"}, {"name": "pmi_nam", "single_search": false, "type": "", "desc": "도로기능명"}, {"name": "exc_nam", "single_search": false, "type": "", "desc": "집행상태명"}, {"name": "ag_geom", "single_search": false, "type": "", "desc": "GEOMETRY 데이터"}]
LT_C_UPISUQ156	[{"name": "present_sn", "single_search": false, "type": "", "desc": "PRESENT_SN"}, {"name": "lclas_cl", "single_search": false, "type": "", "desc": "도형 대분류코드"}, {"name": "mlsfc_cl", "single_search": false, "type": "", "desc": "도형 중분류코드"}, {"name": "sclas_cl", "single_search": false, "type": "", "desc": "도형 소분류코드"}, {"name": "atrb_se", "single_search": false, "type": "", "desc": "도형 속성코드"}, {"name": "wtnnc_sn", "single_search": false, "type": "", "desc": "조서관리 코드"}, {"name": "ntfc_sn", "single_search": false, "type": "", "desc": "결정고시관리코드"}, {"name": "dgm_nm", "single_search": false, "type": "", "desc": "라벨명"}, {"name": "dgm_ar", "single_search": false, "type": "", "desc": "면적(도형)"}, {"name": "dgm_lt", "single_search": false, "type": "", "desc": "길이(도형)"}, {"name": "signgu_se", "single_search": false, "type": "", "desc": "지자체관리코드"}, {"name": "excut_se", "single_search": false, "type": "", "desc": "집행상태코드"}, {"name": "sig_nam", "single_search": false, "type": "", "desc": "시군구명"}, {"name": "lcl_nam", "single_search": false, "type": "", "desc": "도형대분류명"}, {"name": "mls_nam", "single_search": false, "type": "", "desc": "도형중분류명"}, {"name": "scl_nam", "single_search": false, "type": "", "desc": "도형소분류명"}, {"name": "atr_nam", "single_search": false, "type": "", "desc": "도형속성명"}, {"name": "pmi_nam", "single_search": false, "type": "", "desc": "도로기능명"}, {"name": "exc_nam", "single_search": false, "type": "", "desc": "집행상태명"}, {"name": "ag_geom", "single_search": false, "type": "", "desc": "GEOMETRY 데이터"}]
LT_C_UPISUQ157	[{"name": "present_sn", "single_search": false, "type": "", "desc": "PRESENT_SN"}, {"name": "lclas_cl", "single_search": false, "type": "", "desc": "도형 대분류코드"}, {"name": "mlsfc_cl", "single_search": false, "type": "", "desc": "도형 중분류코드"}, {"name": "sclas_cl", "single_search": false, "type": "", "desc": "도형 소분류코드"}, {"name": "atrb_se", "single_search": false, "type": "", "desc": "도형 속성코드"}, {"name": "wtnnc_sn", "single_search": false, "type": "", "desc": "조서관리 코드"}, {"name": "ntfc_sn", "single_search": false, "type": "", "desc": "결정고시관리코드"}, {"name": "dgm_nm", "single_search": false, "type": "", "desc": "라벨명"}, {"name": "dgm_ar", "single_search": false, "type": "", "desc": "면적(도형)"}, {"name": "dgm_lt", "single_search": false, "type": "", "desc": "길이(도형)"}, {"name": "signgu_se", "single_search": false, "type": "", "desc": "지자체관리코드"}, {"name": "excut_se", "single_search": false, "type": "", "desc": "집행상태코드"}, {"name": "sig_nam", "single_search": false, "type": "", "desc": "시군구명"}, {"name": "lcl_nam", "single_search": false, "type": "", "desc": "도형대분류명"}, {"name": "mls_nam", "single_search": false, "type": "", "desc": "도형중분류명"}, {"name": "scl_nam", "single_search": false, "type": "", "desc": "도형소분류명"}, {"name": "atr_nam", "single_search": false, "type": "", "desc": "도형속성명"}, {"name": "pmi_nam", "single_search": false, "type": "", "desc": "도로기능명"}, {"name": "exc_nam", "single_search": false, "type": "", "desc": "집행상태명"}, {"name": "ag_geom", "single_search": false, "type": "", "desc": "GEOMETRY 데이터"}]
LT_C_UPISUQ158	[{"name": "present_sn", "single_search": false, "type": "", "desc": "PRESENT_SN"}, {"name": "lclas_cl", "single_search": false, "type": "", "desc": "도형 대분류코드"}, {"name": "mlsfc_cl", "single_search": false, "type": "", "desc": "도형 중분류코드"}, {"name": "sclas_cl", "single_search": false, "type": "", "desc": "도형 소분류코드"}, {"name": "atrb_se", "single_search": false, "type": "", "desc": "도형 속성코드"}, {"name": "wtnnc_sn", "single_search": false, "type": "", "desc": "조서관리 코드"}, {"name": "ntfc_sn", "single_search": false, "type": "", "desc": "결정고시관리코드"}, {"name": "dgm_nm", "single_search": false, "type": "", "desc": "라벨명"}, {"name": "dgm_ar", "single_search": false, "type": "", "desc": "면적(도형)"}, {"name": "dgm_lt", "single_search": false, "type": "", "desc": "길이(도형)"}, {"name": "signgu_se", "single_search": false, "type": "", "desc": "지자체관리코드"}, {"name": "excut_se", "single_search": false, "type": "", "desc": "집행상태코드"}, {"name": "sig_nam", "single_search": false, "type": "", "desc": "시군구명"}, {"name": "lcl_nam", "single_search": false, "type": "", "desc": "도형대분류명"}, {"name": "mls_nam", "single_search": false, "type": "", "desc": "도형중분류명"}, {"name": "scl_nam", "single_search": false, "type": "", "desc": "도형소분류명"}, {"name": "atr_nam", "single_search": false, "type": "", "desc": "도형속성명"}, {"name": "pmi_nam", "single_search": false, "type": "", "desc": "도로기능명"}, {"name": "exc_nam", "single_search": false, "type": "", "desc": "집행상태명"}, {"name": "ag_geom", "single_search": false, "type": "", "desc": "GEOMETRY 데이터"}]
LT_C_UPISUQ159	[{"name": "present_sn", "single_search": false, "type": "", "desc": "PRESENT_SN"}, {"name": "lclas_cl", "single_search": false, "type": "", "desc": "도형 대분류코드"}, {"name": "mlsfc_cl", "single_search": false, "type": "", "desc": "도형 중분류코드"}, {"name": "sclas_cl", "single_search": false, "type": "", "desc": "도형 소분류코드"}, {"name": "atrb_se", "single_search": false, "type": "", "desc": "도형 속성코드"}, {"name": "wtnnc_sn", "single_search": false, "type": "", "desc": "조서관리 코드"}, {"name": "ntfc_sn", "single_search": false, "type": "", "desc": "결정고시관리코드"}, {"name": "dgm_nm", "single_search": false, "type": "", "desc": "라벨명"}, {"name": "dgm_ar", "single_search": false, "type": "", "desc": "면적(도형)"}, {"name": "dgm_lt", "single_search": false, "type": "", "desc": "길이(도형)"}, {"name": "signgu_se", "single_search": false, "type": "", "desc": "지자체관리코드"}, {"name": "excut_se", "single_search": false, "type": "", "desc": "집행상태코드"}, {"name": "sig_nam", "single_search": false, "type": "", "desc": "시군구명"}, {"name": "lcl_nam", "single_search": false, "type": "", "desc": "도형대분류명"}, {"name": "mls_nam", "single_search": false, "type": "", "desc": "도형중분류명"}, {"name": "scl_nam", "single_search": false, "type": "", "desc": "도형소분류명"}, {"name": "atr_nam", "single_search": false, "type": "", "desc": "도형속성명"}, {"name": "pmi_nam", "single_search": false, "type": "", "desc": "도로기능명"}, {"name": "exc_nam", "single_search": false, "type": "", "desc": "집행상태명"}, {"name": "ag_geom", "single_search": false, "type": "", "desc": "GEOMETRY 데이터"}]
LT_C_UPISUQ161	[{"name": "present_sn", "single_search": false, "type": "", "desc": "PRESENT_SN"}, {"name": "lclas_cl", "single_search": false, "type": "", "desc": "도형 대분류코드"}, {"name": "mlsfc_cl", "single_search": false, "type": "", "desc": "도형 중분류코드"}, {"name": "sclas_cl", "single_search": false, "type": "", "desc": "도형 소분류코드"}, {"name": "atrb_se", "single_search": false, "type": "", "desc": "도형 속성코드"}, {"name": "wtnnc_sn", "single_search": false, "type": "", "desc": "조서관리 코드"}, {"name": "ntfc_sn", "single_search": false, "type": "", "desc": "결정고시관리코드"}, {"name": "dgm_nm", "single_search": false, "type": "", "desc": "라벨명"}, {"name": "dgm_ar", "single_search": false, "type": "", "desc": "면적(도형)"}, {"name": "dgm_lt", "single_search": false, "type": "", "desc": "길이(도형)"}, {"name": "signgu_se", "single_search": false, "type": "", "desc": "지자체관리코드"}, {"name": "sig_nam", "single_search": false, "type": "", "desc": "시군구명"}, {"name": "lcl_nam", "single_search": false, "type": "", "desc": "도형대분류명"}, {"name": "mls_nam", "single_search": false, "type": "", "desc": "도형중분류명"}, {"name": "scl_nam", "single_search": false, "type": "", "desc": "도형소분류명"}, {"name": "atr_nam", "single_search": false, "type": "", "desc": "도형속성명"}, {"name": "pmi_nam", "single_search": false, "type": "", "desc": "도로기능명"}, {"name": "exc_nam", "single_search": false, "type": "", "desc": "집행상태명"}, {"name": "ag_geom", "single_search": false, "type": "", "desc": "GEOMETRY 데이터"}]
LT_C_UPISUQ171	[{"name": "present_sn", "single_search": false, "type": "", "desc": "PRESENT_SN"}, {"name": "lclas_cl", "single_search": false, "type": "", "desc": "도형 대분류코드"}, {"name": "mlsfc_cl", "single_search": false, "type": "", "desc": "도형 중분류코드"}, {"name": "sclas_cl", "single_search": false, "type": "", "desc": "도형 소분류코드"}, {"name": "atrb_se", "single_search": false, "type": "", "desc": "도형 속성코드"}, {"name": "wtnnc_sn", "single_search": false, "type": "", "desc": "조서관리 코드"}, {"name": "ntfc_sn", "single_search": false, "type": "", "desc": "결정고시관리코드"}, {"name": "dgm_nm", "single_search": false, "type": "", "desc": "라벨명"}, {"name": "dgm_ar", "single_search": false, "type": "", "desc": "면적(도형)"}, {"name": "dgm_lt", "single_search": false, "type": "", "desc": "길이(도형)"}, {"name": "signgu_se", "single_search": false, "type": "", "desc": "지자체관리코드"}, {"name": "sig_nam", "single_search": false, "type": "", "desc": "시군구명"}, {"name": "lcl_nam", "single_search": false, "type": "", "desc": "도형대분류명"}, {"name": "mls_nam", "single_search": false, "type": "", "desc": "도형중분류명"}, {"name": "scl_nam", "single_search": false, "type": "", "desc": "도형소분류명"}, {"name": "atr_nam", "single_search": false, "type": "", "desc": "도형속성명"}, {"name": "pmi_nam", "single_search": false, "type": "", "desc": "도로기능명"}, {"name": "exc_nam", "single_search": false, "type": "", "desc": "집행상태명"}, {"name": "ag_geom", "single_search": false, "type": "", "desc": "GEOMETRY 데이터"}]
LT_P_NSNMSSITENM	[{"name": "land_kpyo", "single_search": false, "type": "", "desc": "국가지명"}, {"name": "ag_geom", "single_search": false, "type": "", "desc": "GEOMETRY 데이터"}]
LT_C_UO301	[{"name": "mnum", "single_search": false, "type": "", "desc": "관리번호"}, {"name": "remark", "single_search": false, "type": "", "desc": "메모"}, {"name": "alias", "single_search": false, "type": "", "desc": "별칭"}, {"name": "std_sggcd", "single_search": false, "type": "", "desc": "시군구코드"}, {"name": "admin_cd", "single_search": false, "type": "", "desc": "관리기관코드"}, {"name": "sido_cd", "single_search": false, "type": "", "desc": "시도코드"}, {"name": "sigungu_cd", "single_search": false, "type": "", "desc": "시군구코드"}, {"name": "dyear", "single_search": false, "type": "", "desc": "고시년도"}, {"name": "dnum", "single_search": false, "type": "", "desc": "고시번호"}, {"name": "ucode", "single_search": false, "type": "", "desc": "용도코드"}, {"name": "bon_bun", "single_search": false, "type": "", "desc": "본번"}, {"name": "bu_bun", "single_search": false, "type": "", "desc": "부번"}, {"name": "sido_name", "single_search": false, "type": "", "desc": "시도명"}, {"name": "sigg_name", "single_search": false, "type": "", "desc": "시군구명"}, {"name": "uname", "single_search": false, "type": "", "desc": "용도지역명"}, {"name": "ag_geom", "single_search": false, "type": "", "desc": "GEOMETRY 데이터"}]
LT_C_GIMSHYDRO	[{"name": "regn_cd", "single_search": false, "type": "", "desc": "지역코드"}, {"name": "info", "single_search": false, "type": "", "desc": "주요정보"}, {"name": "legend", "single_search": false, "type": "", "desc": "범례"}, {"name": "sig_nam", "single_search": false, "type": "", "desc": "시군구명"}, {"name": "ag_geom", "single_search": false, "type": "", "desc": "GEOMETRY 데이터"}]
LT_C_GIMSSTIFF	[{"name": "legend", "single_search": false, "type": "", "desc": "범례"}, {"name": "regn_cd", "single_search": false, "type": "", "desc": "지역코드"}, {"name": "sig_nam", "single_search": false, "type": "", "desc": "시군구명"}, {"name": "ag_geom", "single_search": false, "type": "", "desc": "GEOMETRY 데이터"}]
LT_L_GIMSEC	[{"name": "legend", "single_search": false, "type": "", "desc": "범례"}, {"name": "regn_cd", "single_search": false, "type": "", "desc": "지역코드"}, {"name": "sig_nam", "single_search": false, "type": "", "desc": "시군구명"}, {"name": "ag_geom", "single_search": false, "type": "", "desc": "GEOMETRY 데이터"}]
LT_C_GIMSLINEA	[{"name": "regn_cd", "single_search": false, "type": "", "desc": "지역코드"}, {"name": "info", "single_search": false, "type": "", "desc": "주요정보"}, {"name": "legend", "single_search": false, "type": "", "desc": "범례"}, {"name": "sig_nam", "single_search": false, "type": "", "desc": "시군구명"}, {"name": "ag_geom", "single_search": false, "type": "", "desc": "GEOMETRY 데이터"}]
LT_L_GIMSLINEA	[{"name": "regn_cd", "single_search": false, "type": "", "desc": "지역코드"}, {"name": "sig_nam", "single_search": false, "type": "", "desc": "시군구명"}, {"name": "ag_geom", "single_search": false, "type": "", "desc": "GEOMETRY 데이터"}]
LT_L_GIMSDEPTH	[{"name": "legend", "single_search": false, "type": "", "desc": "범례"}, {"name": "regn_cd", "single_search": false, "type": "", "desc": "지역코드"}, {"name": "info", "single_search": false, "type": "", "desc": "주요정보"}, {"name": "sig_nam", "single_search": false, "type": "", "desc": "시군구명"}, {"name": "ag_geom", "single_search": false, "type": "", "desc": "GEOMETRY 데이터"}]
LT_L_GIMSPOTEN	[{"name": "legend", "single_search": false, "type": "", "desc": "범례"}, {"name": "regn_cd", "single_search": false, "type": "", "desc": "지역코드"}, {"name": "info", "single_search": false, "type": "", "desc": "주요정보"}, {"name": "sig_nam", "single_search": false, "type": "", "desc": "시군구명"}, {"name": "ag_geom", "single_search": false, "type": "", "desc": "GEOMETRY 데이터"}]
LT_L_GIMSDIREC	[{"name": "legend", "single_search": false, "type": "", "desc": "범례"}, {"name": "regn_cd", "single_search": false, "type": "", "desc": "지역코드"}, {"name": "sig_nam", "single_search": false, "type": "", "desc": "시군구명"}, {"name": "ag_geom", "single_search": false, "type": "", "desc": "GEOMETRY 데이터"}]
LT_C_AISATZC	[{"name": "atm_lbl_1", "single_search": false, "type": "", "desc": "경계구역라벨1"}, {"name": "atm_lbl_2", "single_search": false, "type": "", "desc": "경계구역라벨2"}, {"name": "atm_lbl_3", "single_search": false, "type": "", "desc": "경계구역라벨3"}, {"name": "ag_geom", "single_search": false, "type": "", "desc": "GEOMETRY 데이터"}]
LT_L_GIMSFAULT	[{"name": "legend", "single_search": false, "type": "", "desc": "범례"}, {"name": "ag_geom", "single_search": false, "type": "", "desc": "GEOMETRY 데이터"}]
LT_C_GIMSSCS	[{"name": "legend", "single_search": false, "type": "", "desc": "토양군"}, {"name": "ag_geom", "single_search": false, "type": "", "desc": "GEOMETRY 데이터"}]
LT_C_FSDIFRSTS	[{"name": "toyanghyun", "single_search": false, "type": "", "desc": "토양형"}, {"name": "name", "single_search": false, "type": "", "desc": "토양형명"}, {"name": "ag_geom", "single_search": false, "type": "", "desc": "GEOMETRY 데이터"}]
LT_C_KFDRSSIGUGRADE	[{"name": "ymd", "single_search": false, "type": "", "desc": "예측년월일"}, {"name": "value00h", "single_search": false, "type": "", "desc": "00시예측값"}, {"name": "class00h", "single_search": false, "type": "", "desc": "00시예측등급"}, {"name": "value01h", "single_search": false, "type": "", "desc": "1시예측값"}, {"name": "class01h", "single_search": false, "type": "", "desc": "1시예측등급"}, {"name": "value02h", "single_search": false, "type": "", "desc": "2시예측값"}, {"name": "class02h", "single_search": false, "type": "", "desc": "2시예측등급"}, {"name": "value03h", "single_search": false, "type": "", "desc": "3시예측값"}, {"name": "class03h", "single_search": false, "type": "", "desc": "3시예측등급"}, {"name": "value04h", "single_search": false, "type": "", "desc": "4시예측값"}, {"name": "class04h", "single_search": false, "type": "", "desc": "4시예측등급"}, {"name": "value05h", "single_search": false, "type": "", "desc": "5시예측값"}, {"name": "class05h", "single_search": false, "type": "", "desc": "5시예측등급"}, {"name": "value06h", "single_search": false, "type": "", "desc": "6시예측값"}, {"name": "class06h", "single_search": false, "type": "", "desc": "6시예측등급"}, {"name": "value07h", "single_search": false, "type": "", "desc": "7시예측값"}, {"name": "class07h", "single_search": false, "type": "", "desc": "7시예측등급"}, {"name": "value08h", "single_search": false, "type": "", "desc": "8시예측값"}, {"name": "class08h", "single_search": false, "type": "", "desc": "8시예측등급"}, {"name": "value09h", "single_search": false, "type": "", "desc": "9시예측값"}, {"name": "class09h", "single_search": false, "type": "", "desc": "9시예측등급"}, {"name": "value10h", "single_search": false, "type": "", "desc": "10시예측값"}, {"name": "class10h", "single_search": false, "type": "", "desc": "10시예측등급"}, {"name": "value11h", "single_search": false, "type": "", "desc": "11시예측값"}, {"name": "class11h", "single_search": false, "type": "", "desc": "11시예측등급"}, {"name": "value12h", "single_search": false, "type": "", "desc": "12시예측값"}, {"name": "class12h", "single_search": false, "type": "", "desc": "12시예측등급"}, {"name": "value13h", "single_search": false, "type": "", "desc": "13시예측값"}, {"name": "class13h", "single_search": false, "type": "", "desc": "13시예측등급"}, {"name": "value14h", "single_search": false, "type": "", "desc": "14시예측값"}, {"name": "class14h", "single_search": false, "type": "", "desc": "14시예측등급"}, {"name": "value15h", "single_search": false, "type": "", "desc": "15시예측값"}, {"name": "class15h", "single_search": false, "type": "", "desc": "15시예측등급"}, {"name": "value16h", "single_search": false, "type": "", "desc": "16시예측값"}, {"name": "class16h", "single_search": false, "type": "", "desc": "16시예측등급"}, {"name": "value17h", "single_search": false, "type": "", "desc": "17시예측값"}, {"name": "class17h", "single_search": false, "type": "", "desc": "17시예측등급"}, {"name": "value18h", "single_search": false, "type": "", "desc": "18시예측값"}, {"name": "class18h", "single_search": false, "type": "", "desc": "18시예측등급"}, {"name": "value19h", "single_search": false, "type": "", "desc": "19시예측값"}, {"name": "class19h", "single_search": false, "type": "", "desc": "19시예측등급"}, {"name": "value20h", "single_search": false, "type": "", "desc": "20시예측값"}, {"name": "class20h", "single_search": false, "type": "", "desc": "20시예측등급"}, {"name": "value21h", "single_search": false, "type": "", "desc": "21시예측값"}, {"name": "class21h", "single_search": false, "type": "", "desc": "21시예측등급"}, {"name": "value22h", "single_search": false, "type": "", "desc": "22시예측값"}, {"name": "class22h", "single_search": false, "type": "", "desc": "22시예측등급"}, {"name": "value23h", "single_search": false, "type": "", "desc": "23시예측값"}, {"name": "class23h", "single_search": false, "type": "", "desc": "23시예측등급"}, {"name": "ag_geom", "single_search": false, "type": "", "desc": "GEOMETRY 데이터"}]
LT_C_UB901	[{"name": "uname", "single_search": false, "type": "", "desc": "용도지역명"}, {"name": "dyear", "single_search": false, "type": "", "desc": "고시년도"}, {"name": "dnum", "single_search": false, "type": "", "desc": "고시번호"}, {"name": "sido_name", "single_search": false, "type": "", "desc": "시도명"}, {"name": "sigg_name", "single_search": false, "type": "", "desc": "시군구명"}, {"name": "remark", "single_search": false, "type": "", "desc": "기타"}, {"name": "ag_geom", "single_search": false, "type": "", "desc": "GEOMETRY 데이터"}]
LT_C_UD610	[{"name": "uname", "single_search": false, "type": "", "desc": "용도지역명"}, {"name": "dyear", "single_search": false, "type": "", "desc": "고시년도"}, {"name": "dnum", "single_search": false, "type": "", "desc": "고시번호"}, {"name": "sido_name", "single_search": false, "type": "", "desc": "시도명"}, {"name": "sigg_name", "single_search": false, "type": "", "desc": "시군구명"}, {"name": "remark", "single_search": false, "type": "", "desc": "기타"}, {"name": "ag_geom", "single_search": false, "type": "", "desc": "GEOMETRY 데이터"}]
LT_C_UH402	[{"name": "uname", "single_search": false, "type": "", "desc": "용도지역명"}, {"name": "dyear", "single_search": false, "type": "", "desc": "고시년도"}, {"name": "dnum", "single_search": false, "type": "", "desc": "고시번호"}, {"name": "sido_name", "single_search": false, "type": "", "desc": "시도명"}, {"name": "sigg_name", "single_search": false, "type": "", "desc": "시군구명"}, {"name": "remark", "single_search": false, "type": "", "desc": "기타"}, {"name": "ag_geom", "single_search": false, "type": "", "desc": "GEOMETRY 데이터"}]
LT_C_UH501	[{"name": "uname", "single_search": false, "type": "", "desc": "용도지역명"}, {"name": "dyear", "single_search": false, "type": "", "desc": "고시년도"}, {"name": "dnum", "single_search": false, "type": "", "desc": "고시번호"}, {"name": "sido_name", "single_search": false, "type": "", "desc": "시도명"}, {"name": "sigg_name", "single_search": false, "type": "", "desc": "시군구명"}, {"name": "remark", "single_search": false, "type": "", "desc": "기타"}, {"name": "ag_geom", "single_search": false, "type": "", "desc": "GEOMETRY 데이터"}]
LT_C_UJ401	[{"name": "uname", "single_search": false, "type": "", "desc": "용도지역명"}, {"name": "dyear", "single_search": false, "type": "", "desc": "고시년도"}, {"name": "dnum", "single_search": false, "type": "", "desc": "고시번호"}, {"name": "sido_name", "single_search": false, "type": "", "desc": "시도명"}, {"name": "sigg_name", "single_search": false, "type": "", "desc": "시군구명"}, {"name": "remark", "single_search": false, "type": "", "desc": "기타"}, {"name": "ag_geom", "single_search": false, "type": "", "desc": "GEOMETRY 데이터"}]
LT_C_UM000	[{"name": "uname", "single_search": false, "type": "", "desc": "용도지역명"}, {"name": "dyear", "single_search": false, "type": "", "desc": "고시년도"}, {"name": "dnum", "single_search": false, "type": "", "desc": "고시번호"}, {"name": "sido_name", "single_search": false, "type": "", "desc": "시도명"}, {"name": "sigg_name", "single_search": false, "type": "", "desc": "시군구명"}, {"name": "remark", "single_search": false, "type": "", "desc": "기타"}, {"name": "ag_geom", "single_search": false, "type": "", "desc": "GEOMETRY 데이터"}]
LT_C_UM221	[{"name": "uname", "single_search": false, "type": "", "desc": "용도지역명"}, {"name": "dyear", "single_search": false, "type": "", "desc": "고시년도"}, {"name": "dnum", "single_search": false, "type": "", "desc": "고시번호"}, {"name": "sido_name", "single_search": false, "type": "", "desc": "시도명"}, {"name": "sigg_name", "single_search": false, "type": "", "desc": "시군구명"}, {"name": "remark", "single_search": false, "type": "", "desc": "기타"}, {"name": "ag_geom", "single_search": false, "type": "", "desc": "GEOMETRY 데이터"}]
LT_C_UM901	[{"name": "uname", "single_search": false, "type": "", "desc": "용도지역명"}, {"name": "dyear", "single_search": false, "type": "", "desc": "고시년도"}, {"name": "dnum", "single_search": false, "type": "", "desc": "고시번호"}, {"name": "sido_name", "single_search": false, "type": "", "desc": "시도명"}, {"name": "sigg_name", "single_search": false, "type": "", "desc": "시군구명"}, {"name": "remark", "single_search": false, "type": "", "desc": "기타"}, {"name": "ag_geom", "single_search": false, "type": "", "desc": "GEOMETRY 데이터"}]
LT_C_UO101	[{"name": "uname", "single_search": false, "type": "", "desc": "용도지역명"}, {"name": "dyear", "single_search": false, "type": "", "desc": "고시년도"}, {"name": "dnum", "single_search": false, "type": "", "desc": "고시번호"}, {"name": "sido_name", "single_search": false, "type": "", "desc": "시도명"}, {"name": "sigg_name", "single_search": false, "type": "", "desc": "시군구명"}, {"name": "remark", "single_search": false, "type": "", "desc": "기타"}, {"name": "ag_geom", "single_search": false, "type": "", "desc": "GEOMETRY 데이터"}]
LT_C_UO601	[{"name": "uname", "single_search": false, "type": "", "desc": "용도지역명"}, {"name": "dyear", "single_search": false, "type": "", "desc": "고시년도"}, {"name": "dnum", "single_search": false, "type": "", "desc": "고시번호"}, {"name": "sido_name", "single_search": false, "type": "", "desc": "시도명"}, {"name": "sigg_name", "single_search": false, "type": "", "desc": "시군구명"}, {"name": "remark", "single_search": false, "type": "", "desc": "기타"}, {"name": "ag_geom", "single_search": false, "type": "", "desc": "GEOMETRY 데이터"}]
LT_C_UD620	[{"name": "uname", "single_search": false, "type": "", "desc": "용도지역명"}, {"name": "sido_name", "single_search": false, "type": "", "desc": "시도명"}, {"name": "sigg_name", "single_search": false, "type": "", "desc": "시군구명"}, {"name": "dyear", "single_search": false, "type": "", "desc": "고시년도"}, {"name": "dnum", "single_search": false, "type": "", "desc": "고시번호"}, {"name": "ag_geom", "single_search": false, "type": "", "desc": "GEOMETRY 데이터"}]
LT_C_UD601	[{"name": "uname", "single_search": false, "type": "", "desc": "용도지역명"}, {"name": "sido_name", "single_search": false, "type": "", "desc": "시도명"}, {"name": "sigg_name", "single_search": false, "type": "", "desc": "시군구명"}, {"name": "dyear", "single_search": false, "type": "", "desc": "고시년도"}, {"name": "dnum", "single_search": false, "type": "", "desc": "고시번호"}, {"name": "ag_geom", "single_search": false, "type": "", "desc": "GEOMETRY 데이터"}]
LT_C_UF151	[{"name": "uname", "single_search": false, "type": "", "desc": "용도지역명"}, {"name": "sido_name", "single_search": false, "type": "", "desc": "시도명"}, {"name": "sigg_name", "single_search": false, "type": "", "desc": "시군구명"}, {"name": "dyear", "single_search": false, "type": "", "desc": "고시년도"}, {"name": "dnum", "single_search": false, "type": "", "desc": "고시번호"}, {"name": "ag_geom", "single_search": false, "type": "", "desc": "GEOMETRY 데이터"}]
LT_C_UF602	[{"name": "uname", "single_search": false, "type": "", "desc": "용도지역명"}, {"name": "sido_name", "single_search": false, "type": "", "desc": "시도명"}, {"name": "sigg_name", "single_search": false, "type": "", "desc": "시군구명"}, {"name": "dyear", "single_search": false, "type": "", "desc": "고시년도"}, {"name": "dnum", "single_search": false, "type": "", "desc": "고시번호"}, {"name": "ag_geom", "single_search": false, "type": "", "desc": "GEOMETRY 데이터"}]
LT_C_UF901	[{"name": "uname", "single_search": false, "type": "", "desc": "용도지역명"}, {"name": "sido_name", "single_search": false, "type": "", "desc": "시도명"}, {"name": "sigg_name", "single_search": false, "type": "", "desc": "시군구명"}, {"name": "dyear", "single_search": false, "type": "", "desc": "고시년도"}, {"name": "dnum", "single_search": false, "type": "", "desc": "고시번호"}, {"name": "ag_geom", "single_search": false, "type": "", "desc": "GEOMETRY 데이터"}]
LT_C_UH701	[{"name": "uname", "single_search": false, "type": "", "desc": "용도지역명"}, {"name": "sido_name", "single_search": false, "type": "", "desc": "시도명"}, {"name": "sigg_name", "single_search": false, "type": "", "desc": "시군구명"}, {"name": "dyear", "single_search": false, "type": "", "desc": "고시년도"}, {"name": "dnum", "single_search": false, "type": "", "desc": "고시번호"}, {"name": "ag_geom", "single_search": false, "type": "", "desc": "GEOMETRY 데이터"}]
LT_C_UM710	[{"name": "mnum", "single_search": false, "type": "", "desc": "관리번호"}, {"name": "remark", "single_search": false, "type": "", "desc": "메모"}, {"name": "alias", "single_search": false, "type": "", "desc": "별칭"}, {"name": "std_sggcd", "single_search": false, "type": "", "desc": "시군구코드"}, {"name": "admin_cd", "single_search": false, "type": "", "desc": "관리기관코드"}, {"name": "sido_cd", "single_search": false, "type": "", "desc": "시도코드"}, {"name": "sigungu_cd", "single_search": false, "type": "", "desc": "시군구코드"}, {"name": "dyear", "single_search": false, "type": "", "desc": "고시년도"}, {"name": "dnum", "single_search": false, "type": "", "desc": "고시번호"}, {"name": "ucode", "single_search": false, "type": "", "desc": "용도코드"}, {"name": "bon_bun", "single_search": false, "type": "", "desc": "본번"}, {"name": "bu_bun", "single_search": false, "type": "", "desc": "부번"}, {"name": "sido_name", "single_search": false, "type": "", "desc": "시도명"}, {"name": "sigg_name", "single_search": false, "type": "", "desc": "시군구명"}, {"name": "uname", "single_search": false, "type": "", "desc": "용도지역명"}, {"name": "ag_geom", "single_search": false, "type": "", "desc": "지오메트리"}]
LT_C_UM301	[{"name": "uname", "single_search": false, "type": "", "desc": "용도지역명"}, {"name": "sido_name", "single_search": false, "type": "", "desc": "시도명"}, {"name": "sigg_name", "single_search": false, "type": "", "desc": "시군구명"}, {"name": "dyear", "single_search": false, "type": "", "desc": "고시년도"}, {"name": "dnum", "single_search": false, "type": "", "desc": "고시번호"}, {"name": "ag_geom", "single_search": false, "type": "", "desc": "GEOMETRY 데이터"}]
LT_C_UO501	[{"name": "uname", "single_search": false, "type": "", "desc": "용도지역명"}, {"name": "sido_name", "single_search": false, "type": "", "desc": "시도명"}, {"name": "sigg_name", "single_search": false, "type": "", "desc": "시군구명"}, {"name": "dyear", "single_search": false, "type": "", "desc": "고시년도"}, {"name": "dnum", "single_search": false, "type": "", "desc": "고시번호"}, {"name": "ag_geom", "single_search": false, "type": "", "desc": "GEOMETRY 데이터"}]
LT_C_UP401	[{"name": "uname", "single_search": false, "type": "", "desc": "용도지역명"}, {"name": "sido_name", "single_search": false, "type": "", "desc": "시도명"}, {"name": "sigg_name", "single_search": false, "type": "", "desc": "시군구명"}, {"name": "dyear", "single_search": false, "type": "", "desc": "고시년도"}, {"name": "dnum", "single_search": false, "type": "", "desc": "고시번호"}, {"name": "ag_geom", "single_search": false, "type": "", "desc": "GEOMETRY 데이터"}]
LT_C_UP201	[{"name": "uname", "single_search": false, "type": "", "desc": "용도지역명"}, {"name": "sido_name", "single_search": false, "type": "", "desc": "시도명"}, {"name": "sigg_name", "single_search": false, "type": "", "desc": "시군구명"}, {"name": "dyear", "single_search": false, "type": "", "desc": "고시년도"}, {"name": "dnum", "single_search": false, "type": "", "desc": "고시번호"}, {"name": "ag_geom", "single_search": false, "type": "", "desc": "GEOMETRY 데이터"}]
LT_P_BYCRACKS	[{"name": "rak_nam", "single_search": false, "type": "", "desc": "자전거보관소명"}, {"name": "rak_addr", "single_search": false, "type": "", "desc": "소재지도로"}, {"name": "jibun_addr", "single_search": false, "type": "", "desc": "지번주소"}, {"name": "byc_cnt", "single_search": false, "type": "", "desc": "자전거보관대수"}, {"name": "rak_typ", "single_search": false, "type": "", "desc": "설치형태"}, {"name": "flag_yn", "single_search": false, "type": "", "desc": "차양막설치여부"}, {"name": "pump_yn", "single_search": false, "type": "", "desc": "공기주입기설치여부"}, {"name": "pump_typ", "single_search": false, "type": "", "desc": "공기주입기형태"}, {"name": "fix_yn", "single_search": false, "type": "", "desc": "수리대설치여부"}, {"name": "org_tel", "single_search": false, "type": "", "desc": "관리기관연락처"}, {"name": "org_nam", "single_search": false, "type": "", "desc": "원본파일명"}, {"name": "ag_geom", "single_search": false, "type": "", "desc": "GEOMETRY 데이터"}]
LT_C_DGMAINBIZ	[{"name": "no", "single_search": false, "type": "", "desc": "주요상권연번호"}, {"name": "nm", "single_search": false, "type": "", "desc": "주요상권명"}, {"name": "sido", "single_search": false, "type": "", "desc": "시도명"}, {"name": "sigg", "single_search": false, "type": "", "desc": "시군구명"}, {"name": "fullnm", "single_search": false, "type": "", "desc": "주소"}, {"name": "ag_geom", "single_search": false, "type": "", "desc": "GEOMETRY 데이터"}]
LT_P_DGTOURISTINFO	[{"name": "tur_nam", "single_search": false, "type": "", "desc": "관광안내소명"}, {"name": "tur_pos", "single_search": false, "type": "", "desc": "안내소위치명"}, {"name": "sido_nam", "single_search": false, "type": "", "desc": "시도명"}, {"name": "sigg_nam", "single_search": false, "type": "", "desc": "시군구명"}, {"name": "hdy_inf", "single_search": false, "type": "", "desc": "휴무일"}, {"name": "sws_tme", "single_search": false, "type": "", "desc": "운영시작시각(하절기)"}, {"name": "swe_tme", "single_search": false, "type": "", "desc": "운영종료시각(하절기)"}, {"name": "wws_tme", "single_search": false, "type": "", "desc": "운영시작시각(동절기)"}, {"name": "wwe_tme", "single_search": false, "type": "", "desc": "운영종료시각(동절기)"}, {"name": "inf_tel", "single_search": false, "type": "", "desc": "안내소전화번호"}, {"name": "new_adr", "single_search": false, "type": "", "desc": "소재지도로명주소"}, {"name": "opr_nam", "single_search": false, "type": "", "desc": "운영기관명"}, {"name": "reg_dat", "single_search": false, "type": "", "desc": "데이터기준일자"}, {"name": "ag_geom", "single_search": false, "type": "", "desc": "GEOMETRY 데이터"}]
LT_P_DGMUSEUMART	[{"name": "mus_nam", "single_search": false, "type": "", "desc": "시설명"}, {"name": "mus_typ", "single_search": false, "type": "", "desc": "박물관미술관구분"}, {"name": "new_adr", "single_search": false, "type": "", "desc": "소재지도로명주소"}, {"name": "opr_tel", "single_search": false, "type": "", "desc": "운영기관전화번호"}, {"name": "opr_nam", "single_search": false, "type": "", "desc": "운영기관명"}, {"name": "wds_tme", "single_search": false, "type": "", "desc": "평일관람시작시각"}, {"name": "wde_tme", "single_search": false, "type": "", "desc": "평일관람종료시각"}, {"name": "hds_tme", "single_search": false, "type": "", "desc": "공휴일관람시작시각"}, {"name": "hde_tme", "single_search": false, "type": "", "desc": "공휴일관람종료시각"}, {"name": "hdy_inf", "single_search": false, "type": "", "desc": "휴관정보"}, {"name": "adt_fee", "single_search": false, "type": "", "desc": "어른관람료"}, {"name": "yot_fee", "single_search": false, "type": "", "desc": "청소년관람료"}, {"name": "chd_fee", "single_search": false, "type": "", "desc": "어린이관람료"}, {"name": "mng_tel", "single_search": false, "type": "", "desc": "관리기관전화번호"}, {"name": "mng_nam", "single_search": false, "type": "", "desc": "관리기관명"}, {"name": "reg_dat", "single_search": false, "type": "", "desc": "데이터기준일자"}, {"name": "ag_geom", "single_search": false, "type": "", "desc": "GEOMETRY 데이터"}]
LT_C_AISUAC	[{"name": "uac_lbl_1", "single_search": false, "type": "", "desc": "초경량비행장치라벨1"}, {"name": "uac_lbl_2", "single_search": false, "type": "", "desc": "초경량비행장치라벨2"}, {"name": "uac_lbl_3", "single_search": false, "type": "", "desc": "초경량비행장치라벨3"}, {"name": "ag_geom", "single_search": false, "type": "", "desc": "GEOMETRY 데이터"}]
LT_C_WGISPL2USE	[{"name": "rd_key", "single_search": false, "type": "", "desc": "지역계획분류"}, {"name": "landsea", "single_search": false, "type": "", "desc": "구분"}, {"name": "area", "single_search": false, "type": "", "desc": "면적"}, {"name": "region", "single_search": false, "type": "", "desc": "지역명"}, {"name": "project", "single_search": false, "type": "", "desc": "주체"}, {"name": "ag_geom", "single_search": false, "type": "", "desc": "GEOMETRY 데이터"}]
LT_C_WGISPL2ABS	[{"name": "rd_key", "single_search": false, "type": "", "desc": "지역계획분류"}, {"name": "landsea", "single_search": false, "type": "", "desc": "구분"}, {"name": "area", "single_search": false, "type": "", "desc": "면적"}, {"name": "region", "single_search": false, "type": "", "desc": "지역명"}, {"name": "project", "single_search": false, "type": "", "desc": "주체"}, {"name": "ag_geom", "single_search": false, "type": "", "desc": "GEOMETRY 데이터"}]
LT_C_WGISPL2CON	[{"name": "rd_key", "single_search": false, "type": "", "desc": "지역계획분류"}, {"name": "landsea", "single_search": false, "type": "", "desc": "구분"}, {"name": "area", "single_search": false, "type": "", "desc": "면적"}, {"name": "region", "single_search": false, "type": "", "desc": "지역명"}, {"name": "project", "single_search": false, "type": "", "desc": "주체"}, {"name": "ag_geom", "single_search": false, "type": "", "desc": "GEOMETRY 데이터"}]
LT_C_WGISPL2SPA	[{"name": "rd_key", "single_search": false, "type": "", "desc": "지역계획분류"}, {"name": "landsea", "single_search": false, "type": "", "desc": "구분"}, {"name": "area", "single_search": false, "type": "", "desc": "면적"}, {"name": "region", "single_search": false, "type": "", "desc": "지역명"}, {"name": "project", "single_search": false, "type": "", "desc": "주체"}, {"name": "ag_geom", "single_search": false, "type": "", "desc": "GEOMETRY 데이터"}]
LT_P_TRADSIJANG	[{"name": "name", "single_search": false, "type": "", "desc": "시장명"}, {"name": "category", "single_search": false, "type": "", "desc": "시장유형"}, {"name": "adr_road", "single_search": false, "type": "", "desc": "도로명주소"}, {"name": "adr_jibun", "single_search": false, "type": "", "desc": "지번주소"}, {"name": "market", "single_search": false, "type": "", "desc": "점포수"}, {"name": "items", "single_search": false, "type": "", "desc": "취급품목"}, {"name": "giftcard", "single_search": false, "type": "", "desc": "사용가능상품권"}, {"name": "toilet", "single_search": false, "type": "", "desc": "공중화장실여부"}, {"name": "park", "single_search": false, "type": "", "desc": "주차장여부"}, {"name": "opn_per", "single_search": false, "type": "", "desc": "시장개설주기"}, {"name": "tel_num", "single_search": false, "type": "", "desc": "전화번호"}, {"name": "ag_geom", "single_search": false, "type": "", "desc": "GEOMETRY 데이터"}]
LT_P_BUSIINCUBATOR	[{"name": "sido", "single_search": false, "type": "", "desc": "시도명"}, {"name": "sigg", "single_search": false, "type": "", "desc": "시군구명"}, {"name": "bui_nam", "single_search": false, "type": "", "desc": "창업보육센터명"}, {"name": "bui_url", "single_search": false, "type": "", "desc": "홈페이지주소"}, {"name": "opr_nam", "single_search": false, "type": "", "desc": "운영기관명"}, {"name": "opr_typ", "single_search": false, "type": "", "desc": "운영기관타입"}, {"name": "mainpart", "single_search": false, "type": "", "desc": "주력보육분야"}, {"name": "opn_dat", "single_search": false, "type": "", "desc": "센터오픈일"}, {"name": "phne", "single_search": false, "type": "", "desc": "전화번호"}, {"name": "addr", "single_search": false, "type": "", "desc": "주소"}, {"name": "addr_des", "single_search": false, "type": "", "desc": "주소(상세)"}, {"name": "ag_geom", "single_search": false, "type": "", "desc": "지오메트리"}]
LT_P_SMALLLIBRARY	[{"name": "lbr_name", "single_search": false, "type": "", "desc": "작은도서관명"}, {"name": "addr", "single_search": false, "type": "", "desc": "주소"}, {"name": "phne", "single_search": false, "type": "", "desc": "전화번호"}, {"name": "category", "single_search": false, "type": "", "desc": "분류"}, {"name": "ag_geom", "single_search": false, "type": "", "desc": "지오메트리"}]
LT_C_AISFLDC	[{"name": "fld_label", "single_search": false, "type": "", "desc": "이착륙장전체라벨"}, {"name": "fld_lbl_1", "single_search": false, "type": "", "desc": "이착륙장라벨1"}, {"name": "ag_geom", "single_search": false, "type": "", "desc": "GEOMETRY 데이터"}]
LT_L_AISSEARCHL	[{"name": "nm", "single_search": false, "type": "", "desc": "명칭"}, {"name": "ag_geom", "single_search": false, "type": "", "desc": "GEOMETRY 데이터"}]
LT_P_AISSEARCHP	[{"name": "nm", "single_search": false, "type": "", "desc": "명칭"}, {"name": "ag_geom", "single_search": false, "type": "", "desc": "GEOMETRY 데이터"}]
LT_L_AISVFRPATH	[{"name": "nm", "single_search": false, "type": "", "desc": "명칭"}, {"name": "ag_geom", "single_search": false, "type": "", "desc": "GEOMETRY 데이터"}]
LT_P_AISVFRPATH	[{"name": "nm", "single_search": false, "type": "", "desc": "명칭"}, {"name": "ag_geom", "single_search": false, "type": "", "desc": "GEOMETRY 데이터"}]
LT_L_AISCORRID_YS	[{"name": "nm", "single_search": false, "type": "", "desc": "명칭"}, {"name": "ag_geom", "single_search": false, "type": "", "desc": "GEOMETRY 데이터"}]
LT_L_AISCORRID_GJ	[{"name": "nm", "single_search": false, "type": "", "desc": "명칭"}, {"name": "ag_geom", "single_search": false, "type": "", "desc": "GEOMETRY 데이터"}]
LT_P_AISCORRID_YS	[{"name": "nm", "single_search": false, "type": "", "desc": "명칭"}, {"name": "ag_geom", "single_search": false, "type": "", "desc": "GEOMETRY 데이터"}]
LT_P_AISCORRID_GJ	[{"name": "nm", "single_search": false, "type": "", "desc": "명칭"}, {"name": "ag_geom", "single_search": false, "type": "", "desc": "GEOMETRY 데이터"}]
LT_C_BLDGINFO	[{"name": "bld_nm", "single_search": false, "type": "", "desc": "건물명칭"}, {"name": "dong_nm", "single_search": false, "type": "", "desc": "건물동명칭"}, {"name": "usability", "single_search": false, "type": "", "desc": "건물용도"}, {"name": "strct_cd", "single_search": false, "type": "", "desc": "구조"}, {"name": "grnd_flr", "single_search": false, "type": "", "desc": "지상층수"}, {"name": "ugrnd_flr", "single_search": false, "type": "", "desc": "지하층수"}, {"name": "archarea", "single_search": false, "type": "", "desc": "건물면적"}, {"name": "height", "single_search": false, "type": "", "desc": "건물높이"}, {"name": "vl_rat", "single_search": false, "type": "", "desc": "용적률"}, {"name": "bc_rat", "single_search": false, "type": "", "desc": "건폐율"}, {"name": "totalarea", "single_search": false, "type": "", "desc": "연면적"}, {"name": "platarea", "single_search": false, "type": "", "desc": "대지면적"}, {"name": "useapr_day", "single_search": false, "type": "", "desc": "사용승인일자"}, {"name": "ag_geom", "single_search": false, "type": "", "desc": "GEOMETRY 데이터"}]
LT_C_DOGPARK	[{"name": "sd_nm", "single_search": false, "type": "", "desc": "시도명"}, {"name": "sgg_nm", "single_search": false, "type": "", "desc": "시군구명"}, {"name": "park_nm", "single_search": false, "type": "", "desc": "반려견 놀이터명"}, {"name": "oper_tm", "single_search": false, "type": "", "desc": "운영시간"}, {"name": "hldy", "single_search": false, "type": "", "desc": "휴무일"}, {"name": "fcs", "single_search": false, "type": "", "desc": "시설현황"}, {"name": "fcar", "single_search": false, "type": "", "desc": "면적"}, {"name": "oper_inst", "single_search": false, "type": "", "desc": "운영기관"}, {"name": "telno", "single_search": false, "type": "", "desc": "전화번호"}, {"name": "addr", "single_search": false, "type": "", "desc": "주소"}, {"name": "use_amt", "single_search": false, "type": "", "desc": "이용요금"}, {"name": "ag_geom", "single_search": false, "type": "", "desc": "GEOMETRY 데이터"}]
LT_C_AISPCA	[{"name": "nm_kor", "single_search": false, "type": "", "desc": "사전협의구역한글명"}, {"name": "nm_eng", "single_search": false, "type": "", "desc": "사전협의구역영문명"}, {"name": "oper_inst", "single_search": false, "type": "", "desc": "관리부서명"}, {"name": "telno", "single_search": false, "type": "", "desc": "관리부서연락처"}, {"name": "ag_geom", "single_search": false, "type": "", "desc": "GEOMETRY 데이터"}]
LT_C_DESCH	[{"name": "objectid", "single_search": false, "type": "", "desc": "공간객체ID"}, {"name": "hakgudo_id", "single_search": false, "type": "", "desc": "학구ID"}, {"name": "hakgudo_nm", "single_search": false, "type": "", "desc": "학구명"}, {"name": "hakgudo_gb", "single_search": false, "type": "", "desc": "학구분류"}, {"name": "sd_cd", "single_search": false, "type": "", "desc": "시도코드"}, {"name": "sgg_cd", "single_search": false, "type": "", "desc": "시군구코드"}, {"name": "edu_up_cd", "single_search": false, "type": "", "desc": "시도교육청코드"}, {"name": "edu_up_nm", "single_search": false, "type": "", "desc": "시도교육청명"}, {"name": "edu_cd", "single_search": false, "type": "", "desc": "교육지원청코드"}, {"name": "edu_nm", "single_search": false, "type": "", "desc": "교육지원청명"}, {"name": "base_dt", "single_search": false, "type": "", "desc": "데이터기준일자"}, {"name": "ag_geom", "single_search": false, "type": "", "desc": "GEOMETRY 데이터"}]
LT_C_DMSCH	[{"name": "objectid", "single_search": false, "type": "", "desc": "공간객체ID"}, {"name": "hakgudo_id", "single_search": false, "type": "", "desc": "공간객체ID"}, {"name": "hakgudo_nm", "single_search": false, "type": "", "desc": "학구명"}, {"name": "hakgudo_gb", "single_search": false, "type": "", "desc": "학구분류"}, {"name": "sd_cd", "single_search": false, "type": "", "desc": "시도코드"}, {"name": "sgg_cd", "single_search": false, "type": "", "desc": "시군구코드"}, {"name": "edu_up_cd", "single_search": false, "type": "", "desc": "시도교육청코드"}, {"name": "edu_up_nm", "single_search": false, "type": "", "desc": "시도교육청명"}, {"name": "edu_cd", "single_search": false, "type": "", "desc": "교육지원청코드"}, {"name": "edu_nm", "single_search": false, "type": "", "desc": "교육지원청명"}, {"name": "base_dt", "single_search": false, "type": "", "desc": "데이터기준일자"}, {"name": "ag_geom", "single_search": false, "type": "", "desc": "GEOMETRY 데이터"}]
LT_C_DHSCH	[{"name": "objectid", "single_search": false, "type": "", "desc": "공간객체ID"}, {"name": "hakgudo_id", "single_search": false, "type": "", "desc": "학구ID"}, {"name": "hakgudo_nm", "single_search": false, "type": "", "desc": "학구명"}, {"name": "hakgudo_gb", "single_search": false, "type": "", "desc": "학구분류"}, {"name": "sd_cd", "single_search": false, "type": "", "desc": "시도코드"}, {"name": "edu_up_cd", "single_search": false, "type": "", "desc": "시도교육청코드"}, {"name": "edu_up_nm", "single_search": false, "type": "", "desc": "시도교육청명"}, {"name": "edu_cd", "single_search": false, "type": "", "desc": "교육지원청코드"}, {"name": "edu_nm", "single_search": false, "type": "", "desc": "교육지원청명"}, {"name": "base_dt", "single_search": false, "type": "", "desc": "데이터기준일자"}, {"name": "ag_geom", "single_search": false, "type": "", "desc": "GEOMETRY 데이터"}]
LT_C_EADIST	[{"name": "objectid", "single_search": false, "type": "", "desc": "공간객체ID"}, {"name": "office_id", "single_search": false, "type": "", "desc": "교육행정구역일련번호"}, {"name": "office_nm", "single_search": false, "type": "", "desc": "교육행정구역명칭"}, {"name": "office_gb", "single_search": false, "type": "", "desc": "교육행정구역분류"}, {"name": "edu_up_cd", "single_search": false, "type": "", "desc": "시도교육청코드"}, {"name": "edu_up_nm", "single_search": false, "type": "", "desc": "시도교육청명"}, {"name": "edu_cd", "single_search": false, "type": "", "desc": "교육지원청코드"}, {"name": "edu_nm", "single_search": false, "type": "", "desc": "교육지원청명"}, {"name": "base_dt", "single_search": false, "type": "", "desc": "데이터기준일자"}, {"name": "ag_geom", "single_search": false, "type": "", "desc": "GEOMETRY 데이터"}]
LT_C_LANDINFOBASEMAP	[{"name": "pnu", "single_search": true, "type": "", "desc": "pnu"}, {"name": "sido_nm", "single_search": false, "type": "", "desc": "시도명"}, {"name": "sgg_nm", "single_search": false, "type": "", "desc": "시군구명"}, {"name": "emd_nm", "single_search": false, "type": "", "desc": "읍면동명"}, {"name": "ri_nm", "single_search": false, "type": "", "desc": "리 명"}, {"name": "jibun", "single_search": false, "type": "", "desc": "지번"}, {"name": "jimok", "single_search": false, "type": "", "desc": "지목명"}, {"name": "parea", "single_search": false, "type": "", "desc": "면적"}, {"name": "rn_nm", "single_search": false, "type": "", "desc": "도로명"}, {"name": "bld_mnnm", "single_search": false, "type": "", "desc": "건물본번"}, {"name": "bld_slno", "single_search": false, "type": "", "desc": "건물부번"}, {"name": "ag_geom", "single_search": false, "type": "", "desc": "GEOMETRY 데이터"}]
LT_L_N3A0020000	[{"name": "ufid", "single_search": false, "type": "", "desc": "UFID"}, {"name": "rdnu", "single_search": false, "type": "", "desc": "도로번호"}, {"name": "name", "single_search": false, "type": "", "desc": "명칭"}, {"name": "rddv", "single_search": false, "type": "", "desc": "도로구분"}, {"name": "pvqt", "single_search": false, "type": "", "desc": "포장재질"}, {"name": "dvyn", "single_search": false, "type": "", "desc": "분리대 유․무"}, {"name": "rdln", "single_search": false, "type": "", "desc": "차로수"}, {"name": "rvwd", "single_search": false, "type": "", "desc": "도로폭"}, {"name": "onsd", "single_search": false, "type": "", "desc": "일방통행"}, {"name": "rest", "single_search": false, "type": "", "desc": "기타"}, {"name": "rdnm", "single_search": false, "type": "", "desc": "도로명"}, {"name": "scls", "single_search": false, "type": "", "desc": "통합코드"}, {"name": "ag_geom", "single_search": false, "type": "", "desc": "GEOMETRY 데이터"}]
